year	stem	qidx	primary_unit	theme	module	matched_units	competencies	level	note
1977	shanghai_liberal	1	复数	几何与代数	必修	复数	数学运算;数学抽象	水平1-2	
1977	shanghai_liberal	2	三角函数	函数	必修	三角函数;立体几何初步	数学运算;直观想象	水平1-2	
1977	shanghai_liberal	3	不等式与方程	函数	必修	不等式与方程;基本初等函数;复数	数学运算;逻辑推理;数学抽象	水平1-2	
1977	shanghai_liberal	4	三角函数	函数	必修	三角函数;复数	数学运算;直观想象;数学抽象	水平1-2	
1977	shanghai_liberal	5	立体几何初步	几何与代数	必修	立体几何初步	直观想象;数学运算	水平1-2	
1977	shanghai_liberal	6	直线与圆	几何与代数	选择性必修	直线与圆	直观想象;数学运算	水平2-3	
1977	shanghai_liberal	7	不等式与方程	函数	必修	不等式与方程	数学运算;逻辑推理	水平1-2	
1977	shanghai_liberal	8	数学建模与应用	数学建模活动	选修	数学建模与应用	数学建模;数据分析;数学运算	水平3	
1977	shanghai_science	1	三角函数	函数	必修	三角函数;基本初等函数;复数	数学运算;直观想象;数学抽象	水平1-2	
1977	shanghai_science	2	三角函数	函数	必修	三角函数;立体几何初步	数学运算;直观想象	水平1-2	
1977	shanghai_science	3	直线与圆	几何与代数	选择性必修	直线与圆	直观想象;数学运算	水平2-3	
1977	shanghai_science	4	复数	几何与代数	必修	复数;立体几何初步;空间向量与立体几何	数学运算;数学抽象;直观想象	水平1-2	
1977	shanghai_science	5	不等式与方程	函数	必修	不等式与方程;基本初等函数	数学运算;逻辑推理;数学抽象	水平1-2	
1977	shanghai_science	6	直线与圆	几何与代数	选择性必修	直线与圆	直观想象;数学运算	水平2-3	
1977	shanghai_science	7	不等式与方程	函数	必修	不等式与方程	数学运算;逻辑推理	水平1-2	
1977	shanghai_science	8	不等式与方程	函数	必修	不等式与方程;基本初等函数;复数	数学运算;逻辑推理;数学抽象	水平1-2	
1977	shanghai_science	9	不等式与方程	函数	必修	不等式与方程;三角函数;直线与圆	数学运算;逻辑推理;直观想象	水平1-2	
1977	shanghai_science	10	直线与圆	几何与代数	选择性必修	直线与圆;导数;复数	直观想象;数学运算;逻辑推理;数学抽象	水平2-3	
1985	shanghai_liberal	1	不等式与方程	函数	必修	不等式与方程;基本初等函数	数学运算;逻辑推理;数学抽象	水平1-2	
1985	shanghai_liberal	2	函数概念与性质	函数	必修	函数概念与性质;常用逻辑用语	数学抽象;数学运算;逻辑推理	水平1-2	
1985	shanghai_liberal	3	三角函数	函数	必修	三角函数;不等式与方程;函数概念与性质	数学运算;直观想象;逻辑推理;数学抽象	水平1-2	
1985	shanghai_liberal	4	数列	函数	选择性必修	数列;计数原理	逻辑推理;数学运算	水平2-3	
1985	shanghai_liberal	5	基本初等函数	函数	必修	基本初等函数	数学运算;数学抽象	水平1-2	
1985	shanghai_liberal	6	基本初等函数	函数	必修	基本初等函数	数学运算;数学抽象	水平1-2	
1985	shanghai_liberal	7	直线与圆	几何与代数	选择性必修	直线与圆	直观想象;数学运算	水平2-3	
1985	shanghai_liberal	8	三角函数	函数	必修	三角函数;直线与圆	数学运算;直观想象	水平1-2	
1985	shanghai_liberal	9	基本初等函数	函数	必修	基本初等函数	数学运算;数学抽象	水平1-2	
1985	shanghai_liberal	10	立体几何初步	几何与代数	必修	立体几何初步;直线与圆;三角函数;平面向量	直观想象;数学运算	水平1-2	
1985	shanghai_liberal	11	三角函数	函数	必修	三角函数;不等式与方程	数学运算;直观想象;逻辑推理	水平1-2	
1985	shanghai_liberal	12	复数	几何与代数	必修	复数;三角函数;平面向量	数学运算;数学抽象;直观想象	水平1-2	
1985	shanghai_liberal	13	集合	函数	必修	集合;函数概念与性质	数学抽象;数学运算	水平1-2	
1985	shanghai_liberal	14	直线与圆	几何与代数	选择性必修	直线与圆;立体几何初步;空间向量与立体几何	直观想象;数学运算	水平2-3	
1985	shanghai_liberal	15	常用逻辑用语	函数	必修	常用逻辑用语	逻辑推理;数学抽象	水平1-2	
1985	shanghai_liberal	16	圆锥曲线	几何与代数	选择性必修	圆锥曲线;平面向量;复数;直线与圆	直观想象;数学运算;逻辑推理;数学抽象	水平2-3	
1985	shanghai_liberal	17	计数原理	概率与统计	选择性必修	计数原理;数列;复数;立体几何初步;直线与圆	逻辑推理;数学运算;数学抽象	水平2-3	
1985	shanghai_liberal	18	立体几何初步	几何与代数	必修	立体几何初步;直线与圆	直观想象;数学运算	水平1-2	
1985	shanghai_liberal	19	三角函数	函数	必修	三角函数;复数;直线与圆	数学运算;直观想象;数学抽象	水平1-2	
1985	shanghai_liberal	20	三角函数	函数	必修	三角函数;复数;常用逻辑用语;直线与圆;计数原理	数学运算;直观想象;数学抽象;逻辑推理	水平1-2	
1985	shanghai_liberal	21	平面向量	几何与代数	必修	平面向量;函数概念与性质;复数;立体几何初步;直线与圆;圆锥曲线	数学运算;直观想象;数学抽象	水平1-2	
1985	shanghai_science	1	不等式与方程	函数	必修	不等式与方程;基本初等函数	数学运算;逻辑推理;数学抽象	水平1-2	
1985	shanghai_science	2	函数概念与性质	函数	必修	函数概念与性质	数学抽象;数学运算	水平1-2	
1985	shanghai_science	3	空间向量与立体几何	几何与代数	选择性必修	空间向量与立体几何;直线与圆	直观想象;数学运算	水平2-3	
1985	shanghai_science	4	三角函数	函数	必修	三角函数;不等式与方程	数学运算;直观想象;逻辑推理	水平1-2	
1985	shanghai_science	5	直线与圆	几何与代数	选择性必修	直线与圆	直观想象;数学运算	水平2-3	
1985	shanghai_science	6	立体几何初步	几何与代数	必修	立体几何初步;直线与圆	直观想象;数学运算	水平1-2	
1985	shanghai_science	7	三角函数	函数	必修	三角函数;不等式与方程	数学运算;直观想象;逻辑推理	水平1-2	
1985	shanghai_science	8	基本初等函数	函数	必修	基本初等函数	数学运算;数学抽象	水平1-2	
1985	shanghai_science	9	三角函数	函数	必修	三角函数	数学运算;直观想象	水平1-2	
1985	shanghai_science	10	三角函数	函数	必修	三角函数;平面向量;立体几何初步	数学运算;直观想象	水平1-2	
1985	shanghai_science	11	常用逻辑用语	函数	必修	常用逻辑用语;复数	逻辑推理;数学抽象;数学运算	水平1-2	
1985	shanghai_science	12	三角函数	函数	必修	三角函数	数学运算;直观想象	水平1-2	
1985	shanghai_science	13	函数概念与性质	函数	必修	函数概念与性质;集合	数学抽象;数学运算	水平1-2	
1985	shanghai_science	14	立体几何初步	几何与代数	必修	立体几何初步;空间向量与立体几何;直线与圆	直观想象;数学运算	水平1-2	
1985	shanghai_science	15	平面向量	几何与代数	必修	平面向量	数学运算;直观想象	水平1-2	
1985	shanghai_science	16	参数方程与极坐标	几何与代数	选择性必修	参数方程与极坐标;三角函数;平面向量;复数	数学运算;直观想象	水平2-3	
1985	shanghai_science	17	计数原理	概率与统计	选择性必修	计数原理;复数;立体几何初步;直线与圆	逻辑推理;数学运算;数学抽象;直观想象	水平2-3	
1985	shanghai_science	18	三角函数	函数	必修	三角函数;复数	数学运算;直观想象;数学抽象	水平1-2	
1985	shanghai_science	19	三角函数	函数	必修	三角函数	数学运算;直观想象	水平1-2	
1985	shanghai_science	20	函数概念与性质	函数	必修	函数概念与性质	数学抽象;数学运算	水平1-2	
1985	shanghai_science	21	未分类						无可匹配关键词
1985	shanghai_science	22	数列	函数	选择性必修	数列;空间向量与立体几何;立体几何初步	逻辑推理;数学运算;直观想象	水平2-3	
1985	shanghai_science	23	直线与圆	几何与代数	选择性必修	直线与圆	直观想象;数学运算	水平2-3	
1986	shanghai_liberal	1	平面向量	几何与代数	必修	平面向量	数学运算;直观想象	水平1-2	
1986	shanghai_liberal	2	三角函数	函数	必修	三角函数	数学运算;直观想象	水平1-2	
1986	shanghai_liberal	3	平面向量	几何与代数	必修	平面向量;直线与圆	数学运算;直观想象	水平1-2	
1986	shanghai_liberal	4	三角函数	函数	必修	三角函数;不等式与方程	数学运算;直观想象;逻辑推理	水平1-2	
1986	shanghai_liberal	5	常用逻辑用语	函数	必修	常用逻辑用语;空间向量与立体几何;直线与圆	逻辑推理;数学抽象;直观想象;数学运算	水平1-2	
1986	shanghai_liberal	6	三角函数	函数	必修	三角函数;函数概念与性质	数学运算;直观想象;数学抽象	水平1-2	
1986	shanghai_liberal	7	未分类						无可匹配关键词
1986	shanghai_liberal	8	圆锥曲线	几何与代数	选择性必修	圆锥曲线	直观想象;数学运算;逻辑推理	水平2-3	
1986	shanghai_liberal	9	复数	几何与代数	必修	复数	数学运算;数学抽象	水平1-2	
1986	shanghai_liberal	10	常用逻辑用语	函数	必修	常用逻辑用语;基本初等函数	逻辑推理;数学抽象;数学运算	水平1-2	
1986	shanghai_liberal	11	数列	函数	选择性必修	数列	逻辑推理;数学运算	水平2-3	
1986	shanghai_liberal	12	直线与圆	几何与代数	选择性必修	直线与圆;圆锥曲线	直观想象;数学运算;逻辑推理	水平2-3	
1986	shanghai_liberal	13	三角函数	函数	必修	三角函数	数学运算;直观想象	水平1-2	
1986	shanghai_liberal	14	三角函数	函数	必修	三角函数;不等式与方程	数学运算;直观想象;逻辑推理	水平1-2	
1986	shanghai_liberal	15	集合	函数	必修	集合	数学抽象;数学运算	水平1-2	
1986	shanghai_liberal	16	函数概念与性质	函数	必修	函数概念与性质	数学抽象;数学运算	水平1-2	
1986	shanghai_liberal	17	不等式与方程	函数	必修	不等式与方程	数学运算;逻辑推理	水平1-2	
1986	shanghai_liberal	18	立体几何初步	几何与代数	必修	立体几何初步;直线与圆	直观想象;数学运算	水平1-2	
1986	shanghai_liberal	19	复数	几何与代数	必修	复数	数学运算;数学抽象	水平1-2	
1986	shanghai_liberal	20	圆锥曲线	几何与代数	选择性必修	圆锥曲线;直线与圆	直观想象;数学运算;逻辑推理	水平2-3	
1986	shanghai_liberal	21	平面向量	几何与代数	必修	平面向量;直线与圆	数学运算;直观想象	水平1-2	
1986	shanghai_liberal	22	立体几何初步	几何与代数	必修	立体几何初步	直观想象;数学运算	水平1-2	
1986	shanghai_liberal	23	空间向量与立体几何	几何与代数	选择性必修	空间向量与立体几何;直线与圆	直观想象;数学运算	水平2-3	
1986	shanghai_liberal	24	微积分（选修）	函数	选修	微积分（选修）	数学运算;数学抽象	水平3	
1986	shanghai_liberal	25	计数原理	概率与统计	选择性必修	计数原理	逻辑推理;数学运算	水平2-3	
1986	shanghai_liberal	26	不等式与方程	函数	必修	不等式与方程;基本初等函数	数学运算;逻辑推理;数学抽象	水平1-2	
1986	shanghai_liberal	27	直线与圆	几何与代数	选择性必修	直线与圆;立体几何初步	直观想象;数学运算	水平2-3	
1986	shanghai_liberal	28	计数原理	概率与统计	选择性必修	计数原理	逻辑推理;数学运算	水平2-3	
1986	shanghai_liberal	29	三角函数	函数	必修	三角函数	数学运算;直观想象	水平1-2	
1986	shanghai_liberal	30	基本初等函数	函数	必修	基本初等函数;函数概念与性质	数学运算;数学抽象	水平1-2	
1986	shanghai_liberal	31	不等式与方程	函数	必修	不等式与方程;基本初等函数;函数概念与性质	数学运算;逻辑推理;数学抽象	水平1-2	
1986	shanghai_liberal	32	三角函数	函数	必修	三角函数;不等式与方程	数学运算;直观想象;逻辑推理	水平1-2	
1986	shanghai_liberal	33	数列	函数	选择性必修	数列	逻辑推理;数学运算	水平2-3	
1986	shanghai_liberal	34	立体几何初步	几何与代数	必修	立体几何初步;空间向量与立体几何	直观想象;数学运算	水平1-2	
1986	shanghai_liberal	35	直线与圆	几何与代数	选择性必修	直线与圆;圆锥曲线	直观想象;数学运算;逻辑推理	水平2-3	
1986	shanghai_science	1	平面向量	几何与代数	必修	平面向量	数学运算;直观想象	水平1-2	
1986	shanghai_science	2	三角函数	函数	必修	三角函数	数学运算;直观想象	水平1-2	
1986	shanghai_science	3	平面向量	几何与代数	必修	平面向量;直线与圆	数学运算;直观想象	水平1-2	
1986	shanghai_science	4	三角函数	函数	必修	三角函数;不等式与方程	数学运算;直观想象;逻辑推理	水平1-2	
1986	shanghai_science	5	常用逻辑用语	函数	必修	常用逻辑用语;空间向量与立体几何;直线与圆	逻辑推理;数学抽象;直观想象;数学运算	水平1-2	
1986	shanghai_science	6	三角函数	函数	必修	三角函数	数学运算;直观想象	水平1-2	
1986	shanghai_science	7	圆锥曲线	几何与代数	选择性必修	圆锥曲线;直线与圆;参数方程与极坐标;三角函数;平面向量	直观想象;数学运算;逻辑推理	水平2-3	
1986	shanghai_science	8	圆锥曲线	几何与代数	选择性必修	圆锥曲线	直观想象;数学运算;逻辑推理	水平2-3	
1986	shanghai_science	9	复数	几何与代数	必修	复数	数学运算;数学抽象	水平1-2	
1986	shanghai_science	10	常用逻辑用语	函数	必修	常用逻辑用语;基本初等函数	逻辑推理;数学抽象;数学运算	水平1-2	
1986	shanghai_science	11	数列	函数	选择性必修	数列	逻辑推理;数学运算	水平2-3	
1986	shanghai_science	12	直线与圆	几何与代数	选择性必修	直线与圆;圆锥曲线	直观想象;数学运算;逻辑推理	水平2-3	
1986	shanghai_science	13	三角函数	函数	必修	三角函数	数学运算;直观想象	水平1-2	
1986	shanghai_science	14	三角函数	函数	必修	三角函数;不等式与方程	数学运算;直观想象;逻辑推理	水平1-2	
1986	shanghai_science	15	函数概念与性质	函数	必修	函数概念与性质	数学抽象;数学运算	水平1-2	
1986	shanghai_science	16	不等式与方程	函数	必修	不等式与方程	数学运算;逻辑推理	水平1-2	
1986	shanghai_science	17	立体几何初步	几何与代数	必修	立体几何初步;直线与圆	直观想象;数学运算	水平1-2	
1986	shanghai_science	18	复数	几何与代数	必修	复数	数学运算;数学抽象	水平1-2	
1986	shanghai_science	19	圆锥曲线	几何与代数	选择性必修	圆锥曲线;直线与圆	直观想象;数学运算;逻辑推理	水平2-3	
1986	shanghai_science	20	集合	函数	必修	集合	数学抽象;数学运算	水平1-2	
1986	shanghai_science	21	平面向量	几何与代数	必修	平面向量;直线与圆	数学运算;直观想象	水平1-2	
1986	shanghai_science	22	立体几何初步	几何与代数	必修	立体几何初步	直观想象;数学运算	水平1-2	
1986	shanghai_science	23	微积分（选修）	函数	选修	微积分（选修）	数学运算;数学抽象	水平3	
1986	shanghai_science	24	计数原理	概率与统计	选择性必修	计数原理	逻辑推理;数学运算	水平2-3	
1986	shanghai_science	25	不等式与方程	函数	必修	不等式与方程;基本初等函数	数学运算;逻辑推理;数学抽象	水平1-2	
1986	shanghai_science	26	直线与圆	几何与代数	选择性必修	直线与圆;立体几何初步	直观想象;数学运算	水平2-3	
1986	shanghai_science	27	计数原理	概率与统计	选择性必修	计数原理	逻辑推理;数学运算	水平2-3	
1986	shanghai_science	28	三角函数	函数	必修	三角函数	数学运算;直观想象	水平1-2	
1986	shanghai_science	29	基本初等函数	函数	必修	基本初等函数;函数概念与性质	数学运算;数学抽象	水平1-2	
1986	shanghai_science	30	立体几何初步	几何与代数	必修	立体几何初步;直线与圆;参数方程与极坐标	直观想象;数学运算	水平1-2	
1986	shanghai_science	31	数列	函数	选择性必修	数列;复数;计数原理	逻辑推理;数学运算;数学抽象	水平2-3	
1986	shanghai_science	32	不等式与方程	函数	必修	不等式与方程	数学运算;逻辑推理	水平1-2	
1986	shanghai_science	33	三角函数	函数	必修	三角函数;不等式与方程;复数	数学运算;直观想象;逻辑推理;数学抽象	水平1-2	
1986	shanghai_science	34	直线与圆	几何与代数	选择性必修	直线与圆;圆锥曲线	直观想象;数学运算;逻辑推理	水平2-3	
1986	shanghai_science	35	空间向量与立体几何	几何与代数	选择性必修	空间向量与立体几何	直观想象;数学运算	水平2-3	
1987	shanghai	1	函数概念与性质	函数	必修	函数概念与性质	数学抽象;数学运算	水平1-2	
1987	shanghai	2	计数原理	概率与统计	选择性必修	计数原理	逻辑推理;数学运算	水平2-3	
1987	shanghai	3	常用逻辑用语	函数	必修	常用逻辑用语;函数概念与性质	逻辑推理;数学抽象;数学运算	水平1-2	
1987	shanghai	4	立体几何初步	几何与代数	必修	立体几何初步	直观想象;数学运算	水平1-2	
1987	shanghai	5	直线与圆	几何与代数	选择性必修	直线与圆;立体几何初步	直观想象;数学运算	水平2-3	
1987	shanghai	6	三角函数	函数	必修	三角函数;不等式与方程	数学运算;直观想象;逻辑推理	水平1-2	
1987	shanghai	7	三角函数	函数	必修	三角函数	数学运算;直观想象	水平1-2	
1987	shanghai	8	圆锥曲线	几何与代数	选择性必修	圆锥曲线	直观想象;数学运算;逻辑推理	水平2-3	
1987	shanghai	9	三角函数	函数	必修	三角函数;平面向量;参数方程与极坐标	数学运算;直观想象	水平1-2	
1987	shanghai	10	数列	函数	选择性必修	数列;计数原理;统计	逻辑推理;数学运算;数据分析;数学建模	水平2-3	
1987	shanghai	11	计数原理	概率与统计	选择性必修	计数原理	逻辑推理;数学运算	水平2-3	
1987	shanghai	12	未分类						无可匹配关键词
1987	shanghai	13	基本初等函数	函数	必修	基本初等函数;函数概念与性质	数学运算;数学抽象	水平1-2	
1987	shanghai	14	函数概念与性质	函数	必修	函数概念与性质	数学抽象;数学运算	水平1-2	
1987	shanghai	15	不等式与方程	函数	必修	不等式与方程	数学运算;逻辑推理	水平1-2	
1987	shanghai	16	三角函数	函数	必修	三角函数	数学运算;直观想象	水平1-2	
1987	shanghai	17	三角函数	函数	必修	三角函数	数学运算;直观想象	水平1-2	
1987	shanghai	18	直线与圆	几何与代数	选择性必修	直线与圆	直观想象;数学运算	水平2-3	
1987	shanghai	19	三角函数	函数	必修	三角函数;直线与圆	数学运算;直观想象	水平1-2	
1987	shanghai	20	圆锥曲线	几何与代数	选择性必修	圆锥曲线;参数方程与极坐标;三角函数;平面向量;直线与圆	直观想象;数学运算;逻辑推理	水平2-3	
1987	shanghai	21	常用逻辑用语	函数	必修	常用逻辑用语;立体几何初步;直线与圆	逻辑推理;数学抽象;直观想象;数学运算	水平1-2	
1987	shanghai	22	未分类						无可匹配关键词
1987	shanghai	23	立体几何初步	几何与代数	必修	立体几何初步;直线与圆	直观想象;数学运算	水平1-2	
1987	shanghai	24	计数原理	概率与统计	选择性必修	计数原理	逻辑推理;数学运算	水平2-3	
1987	shanghai	25	集合	函数	必修	集合;三角函数;基本初等函数	数学抽象;数学运算;直观想象	水平1-2	
1987	shanghai	26	空间向量与立体几何	几何与代数	选择性必修	空间向量与立体几何;三角函数;复数;立体几何初步	直观想象;数学运算;数学抽象	水平2-3	
1987	shanghai	27	直线与圆	几何与代数	选择性必修	直线与圆;圆锥曲线;空间向量与立体几何	直观想象;数学运算;逻辑推理	水平2-3	
1987	shanghai	28	不等式与方程	函数	必修	不等式与方程;平面向量;复数;空间向量与立体几何	数学运算;逻辑推理;直观想象;数学抽象	水平1-2	
1987	shanghai	29	复数	几何与代数	必修	复数;数列;平面向量;微积分（选修）;计数原理;矩阵与变换	数学运算;数学抽象;逻辑推理;直观想象	水平1-2	
1988	shanghai	1	基本初等函数	函数	必修	基本初等函数	数学运算;数学抽象	水平1-2	
1988	shanghai	2	函数概念与性质	函数	必修	函数概念与性质	数学抽象;数学运算	水平1-2	
1988	shanghai	3	直线与圆	几何与代数	选择性必修	直线与圆;参数方程与极坐标;平面向量	直观想象;数学运算	水平2-3	
1988	shanghai	4	参数方程与极坐标	几何与代数	选择性必修	参数方程与极坐标	数学运算;直观想象	水平2-3	
1988	shanghai	5	直线与圆	几何与代数	选择性必修	直线与圆;三角函数;立体几何初步	直观想象;数学运算	水平2-3	
1988	shanghai	6	微积分（选修）	函数	选修	微积分（选修）	数学运算;数学抽象	水平3	
1988	shanghai	7	三角函数	函数	必修	三角函数;不等式与方程	数学运算;直观想象;逻辑推理	水平1-2	
1988	shanghai	8	计数原理	概率与统计	选择性必修	计数原理	逻辑推理;数学运算	水平2-3	
1988	shanghai	9	直线与圆	几何与代数	选择性必修	直线与圆;圆锥曲线;空间向量与立体几何	直观想象;数学运算;逻辑推理	水平2-3	
1988	shanghai	10	计数原理	概率与统计	选择性必修	计数原理	逻辑推理;数学运算	水平2-3	
1988	shanghai	11	直线与圆	几何与代数	选择性必修	直线与圆;立体几何初步;圆锥曲线	直观想象;数学运算;逻辑推理	水平2-3	
1988	shanghai	12	三角函数	函数	必修	三角函数	数学运算;直观想象	水平1-2	
1988	shanghai	13	函数概念与性质	函数	必修	函数概念与性质	数学抽象;数学运算	水平1-2	
1988	shanghai	14	常用逻辑用语	函数	必修	常用逻辑用语	逻辑推理;数学抽象	水平1-2	
1988	shanghai	15	立体几何初步	几何与代数	必修	立体几何初步;常用逻辑用语;直线与圆	直观想象;数学运算;逻辑推理;数学抽象	水平1-2	
1988	shanghai	16	三角函数	函数	必修	三角函数	数学运算;直观想象	水平1-2	
1988	shanghai	17	立体几何初步	几何与代数	必修	立体几何初步;直线与圆	直观想象;数学运算	水平1-2	
1988	shanghai	18	函数概念与性质	函数	必修	函数概念与性质	数学抽象;数学运算	水平1-2	
1988	shanghai	19	未分类						无可匹配关键词
1988	shanghai	20	三角函数	函数	必修	三角函数	数学运算;直观想象	水平1-2	
1988	shanghai	21	直线与圆	几何与代数	选择性必修	直线与圆	直观想象;数学运算	水平2-3	
1988	shanghai	22	集合	函数	必修	集合	数学抽象;数学运算	水平1-2	
1988	shanghai	23	立体几何初步	几何与代数	必修	立体几何初步;直线与圆	直观想象;数学运算	水平1-2	
1988	shanghai	24	三角函数	函数	必修	三角函数	数学运算;直观想象	水平1-2	
1988	shanghai	25	基本初等函数	函数	必修	基本初等函数	数学运算;数学抽象	水平1-2	
1988	shanghai	26	三角函数	函数	必修	三角函数;复数;立体几何初步;直线与圆	数学运算;直观想象;数学抽象	水平1-2	
1988	shanghai	27	三角函数	函数	必修	三角函数;不等式与方程;复数	数学运算;直观想象;逻辑推理;数学抽象	水平1-2	
1988	shanghai	28	数列	函数	选择性必修	数列;圆锥曲线;平面向量;复数;立体几何初步;空间向量与立体几何	逻辑推理;数学运算;直观想象	水平2-3	
1989	shanghai	1	未分类						无可匹配关键词
1989	shanghai	2	复数	几何与代数	必修	复数;三角函数	数学运算;数学抽象;直观想象	水平1-2	
1989	shanghai	3	三角函数	函数	必修	三角函数;不等式与方程;基本初等函数	数学运算;直观想象;逻辑推理;数学抽象	水平1-2	
1989	shanghai	4	立体几何初步	几何与代数	必修	立体几何初步	直观想象;数学运算	水平1-2	
1989	shanghai	5	函数概念与性质	函数	必修	函数概念与性质(兜底)	数学抽象;数学运算	水平1-2	仅命中'函数'兜底
1989	shanghai	6	立体几何初步	几何与代数	必修	立体几何初步;空间向量与立体几何;直线与圆	直观想象;数学运算	水平1-2	
1989	shanghai	7	基本初等函数	函数	必修	基本初等函数	数学运算;数学抽象	水平1-2	
1989	shanghai	8	三角函数	函数	必修	三角函数	数学运算;直观想象	水平1-2	
1989	shanghai	9	微积分（选修）	函数	选修	微积分（选修）	数学运算;数学抽象	水平3	
1989	shanghai	10	圆锥曲线	几何与代数	选择性必修	圆锥曲线	直观想象;数学运算;逻辑推理	水平2-3	
1989	shanghai	11	三角函数	函数	必修	三角函数	数学运算;直观想象	水平1-2	
1989	shanghai	12	直线与圆	几何与代数	选择性必修	直线与圆	直观想象;数学运算	水平2-3	
1989	shanghai	13	不等式与方程	函数	必修	不等式与方程	数学运算;逻辑推理	水平1-2	
1989	shanghai	14	计数原理	概率与统计	选择性必修	计数原理	逻辑推理;数学运算	水平2-3	
1989	shanghai	15	常用逻辑用语	函数	必修	常用逻辑用语;复数	逻辑推理;数学抽象;数学运算	水平1-2	
1989	shanghai	16	三角函数	函数	必修	三角函数;函数概念与性质	数学运算;直观想象;数学抽象	水平1-2	
1989	shanghai	17	立体几何初步	几何与代数	必修	立体几何初步;常用逻辑用语;空间向量与立体几何;直线与圆	直观想象;数学运算;逻辑推理;数学抽象	水平1-2	
1989	shanghai	18	三角函数	函数	必修	三角函数	数学运算;直观想象	水平1-2	
1989	shanghai	19	不等式与方程	函数	必修	不等式与方程;三角函数;立体几何初步;直线与圆	数学运算;逻辑推理;直观想象	水平1-2	
1989	shanghai	20	三角函数	函数	必修	三角函数;参数方程与极坐标	数学运算;直观想象	水平1-2	
1989	shanghai	21	三角函数	函数	必修	三角函数	数学运算;直观想象	水平1-2	
1989	shanghai	22	三角函数	函数	必修	三角函数;基本初等函数;函数概念与性质	数学运算;直观想象;数学抽象	水平1-2	
1989	shanghai	23	平面向量	几何与代数	必修	平面向量;空间向量与立体几何;直线与圆	数学运算;直观想象	水平1-2	
1989	shanghai	24	计数原理	概率与统计	选择性必修	计数原理;复数	逻辑推理;数学运算;数学抽象	水平2-3	
1989	shanghai	25	三角函数	函数	必修	三角函数;空间向量与立体几何;直线与圆	数学运算;直观想象	水平1-2	
1989	shanghai	26	集合	函数	必修	集合;复数	数学抽象;数学运算	水平1-2	
1989	shanghai	27	数列	函数	选择性必修	数列;不等式与方程;计数原理	逻辑推理;数学运算	水平2-3	
1989	shanghai	28	不等式与方程	函数	必修	不等式与方程;常用逻辑用语;复数;空间向量与立体几何;直线与圆	数学运算;逻辑推理;数学抽象	水平1-2	
1990	shanghai	1	函数概念与性质	函数	必修	函数概念与性质	数学抽象;数学运算	水平1-2	
1990	shanghai	2	三角函数	函数	必修	三角函数;函数概念与性质	数学运算;直观想象;数学抽象	水平1-2	
1990	shanghai	3	立体几何初步	几何与代数	必修	立体几何初步;直线与圆	直观想象;数学运算	水平1-2	
1990	shanghai	4	立体几何初步	几何与代数	必修	立体几何初步;直线与圆	直观想象;数学运算	水平1-2	
1990	shanghai	5	三角函数	函数	必修	三角函数	数学运算;直观想象	水平1-2	
1990	shanghai	6	三角函数	函数	必修	三角函数;复数	数学运算;直观想象;数学抽象	水平1-2	
1990	shanghai	7	立体几何初步	几何与代数	必修	立体几何初步;直线与圆	直观想象;数学运算	水平1-2	
1990	shanghai	8	计数原理	概率与统计	选择性必修	计数原理	逻辑推理;数学运算	水平2-3	
1990	shanghai	9	圆锥曲线	几何与代数	选择性必修	圆锥曲线	直观想象;数学运算;逻辑推理	水平2-3	
1990	shanghai	10	立体几何初步	几何与代数	必修	立体几何初步;直线与圆	直观想象;数学运算	水平1-2	
1990	shanghai	11	直线与圆	几何与代数	选择性必修	直线与圆;三角函数;参数方程与极坐标;平面向量	直观想象;数学运算	水平2-3	
1990	shanghai	12	常用逻辑用语	函数	必修	常用逻辑用语;函数概念与性质	逻辑推理;数学抽象;数学运算	水平1-2	
1990	shanghai	13	平面向量	几何与代数	必修	平面向量	数学运算;直观想象	水平1-2	
1990	shanghai	14	数列	函数	选择性必修	数列	逻辑推理;数学运算	水平2-3	
1990	shanghai	15	三角函数	函数	必修	三角函数;集合	数学运算;直观想象;数学抽象	水平1-2	
1990	shanghai	16	立体几何初步	几何与代数	必修	立体几何初步	直观想象;数学运算	水平1-2	
1990	shanghai	17	三角函数	函数	必修	三角函数;不等式与方程;函数概念与性质	数学运算;直观想象;逻辑推理;数学抽象	水平1-2	
1990	shanghai	18	基本初等函数	函数	必修	基本初等函数	数学运算;数学抽象	水平1-2	
1990	shanghai	19	立体几何初步	几何与代数	必修	立体几何初步;常用逻辑用语;直线与圆	直观想象;数学运算;逻辑推理;数学抽象	水平1-2	
1990	shanghai	20	三角函数	函数	必修	三角函数;函数概念与性质;导数	数学运算;直观想象;数学抽象;逻辑推理	水平1-2	
1990	shanghai	21	基本初等函数	函数	必修	基本初等函数	数学运算;数学抽象	水平1-2	
1990	shanghai	22	三角函数	函数	必修	三角函数;基本初等函数	数学运算;直观想象;数学抽象	水平1-2	
1990	shanghai	23	平面向量	几何与代数	必修	平面向量;立体几何初步;直线与圆;圆锥曲线	数学运算;直观想象	水平1-2	
1990	shanghai	24	直线与圆	几何与代数	选择性必修	直线与圆;微积分（选修）;圆锥曲线	直观想象;数学运算;数学抽象;逻辑推理	水平2-3	
1990	shanghai	25	不等式与方程	函数	必修	不等式与方程;基本初等函数	数学运算;逻辑推理;数学抽象	水平1-2	
1990	shanghai	26	空间向量与立体几何	几何与代数	选择性必修	空间向量与立体几何;三角函数;复数;直线与圆	直观想象;数学运算;数学抽象	水平2-3	
1990	shanghai	27	直线与圆	几何与代数	选择性必修	直线与圆;不等式与方程;复数	直观想象;数学运算;逻辑推理;数学抽象	水平2-3	
1991	shanghai	1	函数概念与性质	函数	必修	函数概念与性质	数学抽象;数学运算	水平1-2	
1991	shanghai	2	三角函数	函数	必修	三角函数	数学运算;直观想象	水平1-2	
1991	shanghai	3	立体几何初步	几何与代数	必修	立体几何初步;直线与圆	直观想象;数学运算	水平1-2	
1991	shanghai	4	三角函数	函数	必修	三角函数;不等式与方程	数学运算;直观想象;逻辑推理	水平1-2	
1991	shanghai	5	圆锥曲线	几何与代数	选择性必修	圆锥曲线;直线与圆	直观想象;数学运算;逻辑推理	水平2-3	
1991	shanghai	6	数列	函数	选择性必修	数列;微积分（选修）;计数原理	逻辑推理;数学运算;数学抽象	水平2-3	
1991	shanghai	7	立体几何初步	几何与代数	必修	立体几何初步;直线与圆	直观想象;数学运算	水平1-2	
1991	shanghai	8	计数原理	概率与统计	选择性必修	计数原理	逻辑推理;数学运算	水平2-3	
1991	shanghai	9	函数概念与性质	函数	必修	函数概念与性质;直线与圆	数学抽象;数学运算;直观想象	水平1-2	
1991	shanghai	10	直线与圆	几何与代数	选择性必修	直线与圆;参数方程与极坐标;平面向量	直观想象;数学运算	水平2-3	
1991	shanghai	11	集合	函数	必修	集合	数学抽象;数学运算	水平1-2	
1991	shanghai	12	数列	函数	选择性必修	数列;计数原理	逻辑推理;数学运算	水平2-3	
1991	shanghai	13	立体几何初步	几何与代数	必修	立体几何初步;空间向量与立体几何	直观想象;数学运算	水平1-2	
1991	shanghai	14	函数概念与性质	函数	必修	函数概念与性质	数学抽象;数学运算	水平1-2	
1991	shanghai	15	常用逻辑用语	函数	必修	常用逻辑用语;三角函数	逻辑推理;数学抽象;数学运算;直观想象	水平1-2	
1991	shanghai	16	未分类						无可匹配关键词
1991	shanghai	17	三角函数	函数	必修	三角函数	数学运算;直观想象	水平1-2	
1991	shanghai	18	常用逻辑用语	函数	必修	常用逻辑用语;立体几何初步;直线与圆	逻辑推理;数学抽象;直观想象;数学运算	水平1-2	
1991	shanghai	19	三角函数	函数	必修	三角函数;参数方程与极坐标	数学运算;直观想象	水平1-2	
1991	shanghai	20	平面向量	几何与代数	必修	平面向量;圆锥曲线	数学运算;直观想象;逻辑推理	水平1-2	
1991	shanghai	21	三角函数	函数	必修	三角函数	数学运算;直观想象	水平1-2	
1991	shanghai	22	空间向量与立体几何	几何与代数	选择性必修	空间向量与立体几何;圆锥曲线;直线与圆	直观想象;数学运算;逻辑推理	水平2-3	
1991	shanghai	23	不等式与方程	函数	必修	不等式与方程;基本初等函数	数学运算;逻辑推理;数学抽象	水平1-2	
1991	shanghai	24	三角函数	函数	必修	三角函数;复数;立体几何初步;空间向量与立体几何;直线与圆	数学运算;直观想象;数学抽象	水平1-2	
1991	shanghai	25	复数	几何与代数	必修	复数;集合	数学运算;数学抽象	水平1-2	
1991	shanghai	26	三角函数	函数	必修	三角函数;直线与圆;圆锥曲线	数学运算;直观想象;逻辑推理	水平1-2	
1991	shanghai	27	不等式与方程	函数	必修	不等式与方程;三角函数;函数概念与性质;复数;立体几何初步;直线与圆	数学运算;逻辑推理;直观想象;数学抽象	水平1-2	
1992	shanghai	1	三角函数	函数	必修	三角函数	数学运算;直观想象	水平1-2	
1992	shanghai	2	计数原理	概率与统计	选择性必修	计数原理	逻辑推理;数学运算	水平2-3	
1992	shanghai	3	三角函数	函数	必修	三角函数;不等式与方程	数学运算;直观想象;逻辑推理	水平1-2	
1992	shanghai	4	基本初等函数	函数	必修	基本初等函数	数学运算;数学抽象	水平1-2	
1992	shanghai	5	复数	几何与代数	必修	复数	数学运算;数学抽象	水平1-2	
1992	shanghai	6	直线与圆	几何与代数	选择性必修	直线与圆	直观想象;数学运算	水平2-3	
1992	shanghai	7	直线与圆	几何与代数	选择性必修	直线与圆	直观想象;数学运算	水平2-3	
1992	shanghai	8	函数概念与性质	函数	必修	函数概念与性质	数学抽象;数学运算	水平1-2	
1992	shanghai	9	计数原理	概率与统计	选择性必修	计数原理	逻辑推理;数学运算	水平2-3	
1992	shanghai	10	三角函数	函数	必修	三角函数;立体几何初步	数学运算;直观想象	水平1-2	
1992	shanghai	11	函数概念与性质	函数	必修	函数概念与性质(兜底)	数学抽象;数学运算	水平1-2	仅命中'函数'兜底
1992	shanghai	12	三角函数	函数	必修	三角函数;基本初等函数	数学运算;直观想象;数学抽象	水平1-2	
1992	shanghai	13	立体几何初步	几何与代数	必修	立体几何初步;常用逻辑用语;平面向量;空间向量与立体几何;直线与圆	直观想象;数学运算;逻辑推理;数学抽象	水平1-2	
1992	shanghai	14	三角函数	函数	必修	三角函数;不等式与方程;函数概念与性质	数学运算;直观想象;逻辑推理;数学抽象	水平1-2	
1992	shanghai	15	三角函数	函数	必修	三角函数;平面向量	数学运算;直观想象	水平1-2	
1992	shanghai	16	圆锥曲线	几何与代数	选择性必修	圆锥曲线;平面向量	直观想象;数学运算;逻辑推理	水平2-3	
1992	shanghai	17	立体几何初步	几何与代数	必修	立体几何初步;常用逻辑用语	直观想象;数学运算;逻辑推理;数学抽象	水平1-2	
1992	shanghai	18	三角函数	函数	必修	三角函数;函数概念与性质	数学运算;直观想象;数学抽象	水平1-2	
1992	shanghai	19	参数方程与极坐标	几何与代数	选择性必修	参数方程与极坐标;三角函数;直线与圆;平面向量	数学运算;直观想象	水平2-3	
1992	shanghai	20	常用逻辑用语	函数	必修	常用逻辑用语;集合	逻辑推理;数学抽象;数学运算	水平1-2	
1992	shanghai	21	三角函数	函数	必修	三角函数	数学运算;直观想象	水平1-2	
1992	shanghai	22	复数	几何与代数	必修	复数	数学运算;数学抽象	水平1-2	
1992	shanghai	23	直线与圆	几何与代数	选择性必修	直线与圆;立体几何初步;圆锥曲线	直观想象;数学运算;逻辑推理	水平2-3	
1992	shanghai	24	立体几何初步	几何与代数	必修	立体几何初步;三角函数;复数;空间向量与立体几何;直线与圆	直观想象;数学运算;数学抽象	水平1-2	
1992	shanghai	25	数列	函数	选择性必修	数列;微积分（选修）;不等式与方程;复数;计数原理	逻辑推理;数学运算;数学抽象	水平2-3	
1992	shanghai	26	圆锥曲线	几何与代数	选择性必修	圆锥曲线;不等式与方程;直线与圆	直观想象;数学运算;逻辑推理	水平2-3	
1993	shanghai	1	不等式与方程	函数	必修	不等式与方程	数学运算;逻辑推理	水平1-2	
1993	shanghai	2	三角函数	函数	必修	三角函数;不等式与方程	数学运算;直观想象;逻辑推理	水平1-2	
1993	shanghai	3	复数	几何与代数	必修	复数;三角函数	数学运算;数学抽象;直观想象	水平1-2	
1993	shanghai	4	计数原理	概率与统计	选择性必修	计数原理	逻辑推理;数学运算	水平2-3	
1993	shanghai	5	三角函数	函数	必修	三角函数;函数概念与性质	数学运算;直观想象;数学抽象	水平1-2	
1993	shanghai	6	平面向量	几何与代数	必修	平面向量	数学运算;直观想象	水平1-2	
1993	shanghai	7	直线与圆	几何与代数	选择性必修	直线与圆	直观想象;数学运算	水平2-3	
1993	shanghai	8	数列	函数	选择性必修	数列;微积分（选修）;计数原理	逻辑推理;数学运算;数学抽象	水平2-3	
1993	shanghai	9	参数方程与极坐标	几何与代数	选择性必修	参数方程与极坐标;平面向量;立体几何初步;直线与圆	数学运算;直观想象	水平2-3	
1993	shanghai	10	立体几何初步	几何与代数	必修	立体几何初步;三角函数;空间向量与立体几何	直观想象;数学运算	水平1-2	
1993	shanghai	11	基本初等函数	函数	必修	基本初等函数	数学运算;数学抽象	水平1-2	
1993	shanghai	12	计数原理	概率与统计	选择性必修	计数原理;不等式与方程;基本初等函数	逻辑推理;数学运算;数学抽象	水平2-3	
1993	shanghai	13	基本初等函数	函数	必修	基本初等函数	数学运算;数学抽象	水平1-2	
1993	shanghai	14	三角函数	函数	必修	三角函数;不等式与方程	数学运算;直观想象;逻辑推理	水平1-2	
1993	shanghai	15	圆锥曲线	几何与代数	选择性必修	圆锥曲线;直线与圆;空间向量与立体几何	直观想象;数学运算;逻辑推理	水平2-3	
1993	shanghai	16	立体几何初步	几何与代数	必修	立体几何初步;常用逻辑用语;复数	直观想象;数学运算;逻辑推理;数学抽象	水平1-2	
1993	shanghai	17	平面向量	几何与代数	必修	平面向量	数学运算;直观想象	水平1-2	
1993	shanghai	18	立体几何初步	几何与代数	必修	立体几何初步;常用逻辑用语;直线与圆	直观想象;数学运算;逻辑推理;数学抽象	水平1-2	
1993	shanghai	19	三角函数	函数	必修	三角函数;函数概念与性质	数学运算;直观想象;数学抽象	水平1-2	
1993	shanghai	20	常用逻辑用语	函数	必修	常用逻辑用语	逻辑推理;数学抽象	水平1-2	
1993	shanghai	21	三角函数	函数	必修	三角函数;平面向量	数学运算;直观想象	水平1-2	
1993	shanghai	22	复数	几何与代数	必修	复数	数学运算;数学抽象	水平1-2	
1993	shanghai	23	直线与圆	几何与代数	选择性必修	直线与圆;平面向量;圆锥曲线	直观想象;数学运算;逻辑推理	水平2-3	
1993	shanghai	24	空间向量与立体几何	几何与代数	选择性必修	空间向量与立体几何;复数;直线与圆	直观想象;数学运算;数学抽象	水平2-3	
1993	shanghai	25	数列	函数	选择性必修	数列;直线与圆;平面向量;复数;计数原理	逻辑推理;数学运算;直观想象	水平2-3	
1993	shanghai	26	圆锥曲线	几何与代数	选择性必修	圆锥曲线;不等式与方程;三角函数;复数;直线与圆	直观想象;数学运算;逻辑推理	水平2-3	
1994	shanghai	1	不等式与方程	函数	必修	不等式与方程;基本初等函数	数学运算;逻辑推理;数学抽象	水平1-2	
1994	shanghai	2	三角函数	函数	必修	三角函数	数学运算;直观想象	水平1-2	
1994	shanghai	3	直线与圆	几何与代数	选择性必修	直线与圆	直观想象;数学运算	水平2-3	
1994	shanghai	4	基本初等函数	函数	必修	基本初等函数	数学运算;数学抽象	水平1-2	
1994	shanghai	5	立体几何初步	几何与代数	必修	立体几何初步;直线与圆	直观想象;数学运算	水平1-2	
1994	shanghai	6	函数概念与性质	函数	必修	函数概念与性质	数学抽象;数学运算	水平1-2	
1994	shanghai	7	圆锥曲线	几何与代数	选择性必修	圆锥曲线;平面向量	直观想象;数学运算;逻辑推理	水平2-3	
1994	shanghai	8	计数原理	概率与统计	选择性必修	计数原理	逻辑推理;数学运算	水平2-3	
1994	shanghai	9	三角函数	函数	必修	三角函数;不等式与方程	数学运算;直观想象;逻辑推理	水平1-2	
1994	shanghai	10	三角函数	函数	必修	三角函数;不等式与方程	数学运算;直观想象;逻辑推理	水平1-2	
1994	shanghai	11	基本初等函数	函数	必修	基本初等函数	数学运算;数学抽象	水平1-2	
1994	shanghai	12	不等式与方程	函数	必修	不等式与方程;基本初等函数	数学运算;逻辑推理;数学抽象	水平1-2	
1994	shanghai	13	参数方程与极坐标	几何与代数	选择性必修	参数方程与极坐标;三角函数;平面向量;立体几何初步;直线与圆	数学运算;直观想象	水平2-3	
1994	shanghai	14	立体几何初步	几何与代数	必修	立体几何初步;直线与圆	直观想象;数学运算	水平1-2	
1994	shanghai	15	集合	函数	必修	集合	数学抽象;数学运算	水平1-2	
1994	shanghai	16	复数	几何与代数	必修	复数;不等式与方程	数学运算;数学抽象;逻辑推理	水平1-2	
1994	shanghai	17	常用逻辑用语	函数	必修	常用逻辑用语	逻辑推理;数学抽象	水平1-2	
1994	shanghai	18	计数原理	概率与统计	选择性必修	计数原理	逻辑推理;数学运算	水平2-3	
1994	shanghai	19	三角函数	函数	必修	三角函数;平面向量	数学运算;直观想象	水平1-2	
1994	shanghai	20	常用逻辑用语	函数	必修	常用逻辑用语	逻辑推理;数学抽象	水平1-2	
1994	shanghai	21	三角函数	函数	必修	三角函数	数学运算;直观想象	水平1-2	
1994	shanghai	22	复数	几何与代数	必修	复数	数学运算;数学抽象	水平1-2	
1994	shanghai	23	三角函数	函数	必修	三角函数;空间向量与立体几何;复数	数学运算;直观想象;数学抽象	水平1-2	
1994	shanghai	24	直线与圆	几何与代数	选择性必修	直线与圆;圆锥曲线;复数	直观想象;数学运算;逻辑推理;数学抽象	水平2-3	
1994	shanghai	25	三角函数	函数	必修	三角函数;导数;平面向量;复数	数学运算;直观想象;逻辑推理	水平1-2	
1994	shanghai	26	数列	函数	选择性必修	数列;不等式与方程;常用逻辑用语;基本初等函数;复数;计数原理;微积分（选修）	逻辑推理;数学运算;数学抽象	水平2-3	
1994	shanghai_liberal	1	不等式与方程	函数	必修	不等式与方程;基本初等函数	数学运算;逻辑推理;数学抽象	水平1-2	
1994	shanghai_liberal	2	三角函数	函数	必修	三角函数;不等式与方程	数学运算;直观想象;逻辑推理	水平1-2	
1994	shanghai_liberal	3	微积分（选修）	函数	选修	微积分（选修）	数学运算;数学抽象	水平3	
1994	shanghai_liberal	4	直线与圆	几何与代数	选择性必修	直线与圆	直观想象;数学运算	水平2-3	
1994	shanghai_liberal	5	基本初等函数	函数	必修	基本初等函数	数学运算;数学抽象	水平1-2	
1994	shanghai_liberal	6	函数概念与性质	函数	必修	函数概念与性质	数学抽象;数学运算	水平1-2	
1994	shanghai_liberal	7	圆锥曲线	几何与代数	选择性必修	圆锥曲线;平面向量	直观想象;数学运算;逻辑推理	水平2-3	
1994	shanghai_liberal	8	计数原理	概率与统计	选择性必修	计数原理	逻辑推理;数学运算	水平2-3	
1994	shanghai_liberal	9	复数	几何与代数	必修	复数	数学运算;数学抽象	水平1-2	
1994	shanghai_liberal	10	概率	概率与统计	选择性必修	概率	数据分析;数学运算;逻辑推理	水平2-3	
1994	shanghai_liberal	11	基本初等函数	函数	必修	基本初等函数	数学运算;数学抽象	水平1-2	
1994	shanghai_liberal	12	不等式与方程	函数	必修	不等式与方程;基本初等函数	数学运算;逻辑推理;数学抽象	水平1-2	
1994	shanghai_liberal	13	空间向量与立体几何	几何与代数	选择性必修	空间向量与立体几何;直线与圆	直观想象;数学运算	水平2-3	
1994	shanghai_liberal	14	立体几何初步	几何与代数	必修	立体几何初步;直线与圆	直观想象;数学运算	水平1-2	
1994	shanghai_liberal	15	集合	函数	必修	集合	数学抽象;数学运算	水平1-2	
1994	shanghai_liberal	16	函数概念与性质	函数	必修	函数概念与性质	数学抽象;数学运算	水平1-2	
1994	shanghai_liberal	17	常用逻辑用语	函数	必修	常用逻辑用语	逻辑推理;数学抽象	水平1-2	
1994	shanghai_liberal	18	计数原理	概率与统计	选择性必修	计数原理;概率;统计	逻辑推理;数学运算;数据分析;数学建模	水平2-3	
1994	shanghai_liberal	19	三角函数	函数	必修	三角函数;平面向量	数学运算;直观想象	水平1-2	
1994	shanghai_liberal	20	常用逻辑用语	函数	必修	常用逻辑用语	逻辑推理;数学抽象	水平1-2	
1994	shanghai_liberal	21	三角函数	函数	必修	三角函数	数学运算;直观想象	水平1-2	
1994	shanghai_liberal	22	平面向量	几何与代数	必修	平面向量;三角函数;复数;立体几何初步;空间向量与立体几何	数学运算;直观想象;数学抽象	水平1-2	
1994	shanghai_liberal	23	三角函数	函数	必修	三角函数;空间向量与立体几何;复数	数学运算;直观想象;数学抽象	水平1-2	
1994	shanghai_liberal	24	导数	函数	选择性必修	导数;复数;立体几何初步;直线与圆;圆锥曲线	数学运算;逻辑推理;数学抽象;直观想象	水平2-3	
1994	shanghai_liberal	25	数列	函数	选择性必修	数列;微积分（选修）;复数	逻辑推理;数学运算;数学抽象	水平2-3	
1994	shanghai_liberal	26	平面向量	几何与代数	必修	平面向量;三角函数;导数;复数	数学运算;直观想象;逻辑推理	水平1-2	
1994	shanghai_science	1	不等式与方程	函数	必修	不等式与方程;基本初等函数	数学运算;逻辑推理;数学抽象	水平1-2	
1994	shanghai_science	2	微积分（选修）	函数	选修	微积分（选修）	数学运算;数学抽象	水平3	
1994	shanghai_science	3	直线与圆	几何与代数	选择性必修	直线与圆	直观想象;数学运算	水平2-3	
1994	shanghai_science	4	基本初等函数	函数	必修	基本初等函数	数学运算;数学抽象	水平1-2	
1994	shanghai_science	5	复数	几何与代数	必修	复数	数学运算;数学抽象	水平1-2	
1994	shanghai_science	6	函数概念与性质	函数	必修	函数概念与性质	数学抽象;数学运算	水平1-2	
1994	shanghai_science	7	圆锥曲线	几何与代数	选择性必修	圆锥曲线;平面向量	直观想象;数学运算;逻辑推理	水平2-3	
1994	shanghai_science	8	计数原理	概率与统计	选择性必修	计数原理	逻辑推理;数学运算	水平2-3	
1994	shanghai_science	9	不等式与方程	函数	必修	不等式与方程;立体几何初步	数学运算;逻辑推理;直观想象	水平1-2	
1994	shanghai_science	10	三角函数	函数	必修	三角函数;不等式与方程	数学运算;直观想象;逻辑推理	水平1-2	
1994	shanghai_science	11	基本初等函数	函数	必修	基本初等函数	数学运算;数学抽象	水平1-2	
1994	shanghai_science	12	不等式与方程	函数	必修	不等式与方程;基本初等函数	数学运算;逻辑推理;数学抽象	水平1-2	
1994	shanghai_science	13	参数方程与极坐标	几何与代数	选择性必修	参数方程与极坐标;三角函数;平面向量;立体几何初步;直线与圆	数学运算;直观想象	水平2-3	
1994	shanghai_science	14	立体几何初步	几何与代数	必修	立体几何初步;直线与圆	直观想象;数学运算	水平1-2	
1994	shanghai_science	15	集合	函数	必修	集合	数学抽象;数学运算	水平1-2	
1994	shanghai_science	16	复数	几何与代数	必修	复数;不等式与方程	数学运算;数学抽象;逻辑推理	水平1-2	
1994	shanghai_science	17	常用逻辑用语	函数	必修	常用逻辑用语	逻辑推理;数学抽象	水平1-2	
1994	shanghai_science	18	计数原理	概率与统计	选择性必修	计数原理;概率;统计	逻辑推理;数学运算;数据分析;数学建模	水平2-3	
1994	shanghai_science	19	三角函数	函数	必修	三角函数;平面向量	数学运算;直观想象	水平1-2	
1994	shanghai_science	20	常用逻辑用语	函数	必修	常用逻辑用语	逻辑推理;数学抽象	水平1-2	
1994	shanghai_science	21	三角函数	函数	必修	三角函数	数学运算;直观想象	水平1-2	
1994	shanghai_science	22	平面向量	几何与代数	必修	平面向量;三角函数;复数;立体几何初步;空间向量与立体几何	数学运算;直观想象;数学抽象	水平1-2	
1994	shanghai_science	23	三角函数	函数	必修	三角函数;空间向量与立体几何;复数	数学运算;直观想象;数学抽象	水平1-2	
1994	shanghai_science	24	导数	函数	选择性必修	导数;复数;直线与圆;圆锥曲线	数学运算;逻辑推理;数学抽象;直观想象	水平2-3	
1994	shanghai_science	25	三角函数	函数	必修	三角函数;导数;平面向量;复数	数学运算;直观想象;逻辑推理	水平1-2	
1994	shanghai_science	26	数列	函数	选择性必修	数列;不等式与方程;微积分（选修）;常用逻辑用语;基本初等函数;复数;计数原理	逻辑推理;数学运算;数学抽象	水平2-3	
1995	shanghai_liberal	1	三角函数	函数	必修	三角函数;函数概念与性质;不等式与方程	数学运算;直观想象;数学抽象;逻辑推理	水平1-2	
1995	shanghai_liberal	2	集合	函数	必修	集合	数学抽象;数学运算	水平1-2	
1995	shanghai_liberal	3	三角函数	函数	必修	三角函数	数学运算;直观想象	水平1-2	
1995	shanghai_liberal	4	立体几何初步	几何与代数	必修	立体几何初步	直观想象;数学运算	水平1-2	
1995	shanghai_liberal	5	常用逻辑用语	函数	必修	常用逻辑用语;圆锥曲线	逻辑推理;数学抽象;直观想象;数学运算	水平1-2	
1995	shanghai_liberal	6	函数概念与性质	函数	必修	函数概念与性质(兜底)	数学抽象;数学运算	水平1-2	仅命中'函数'兜底
1995	shanghai_liberal	7	不等式与方程	函数	必修	不等式与方程	数学运算;逻辑推理	水平1-2	
1995	shanghai_liberal	8	常用逻辑用语	函数	必修	常用逻辑用语;直线与圆	逻辑推理;数学抽象;直观想象;数学运算	水平1-2	
1995	shanghai_liberal	9	不等式与方程	函数	必修	不等式与方程;基本初等函数	数学运算;逻辑推理;数学抽象	水平1-2	
1995	shanghai_liberal	10	圆锥曲线	几何与代数	选择性必修	圆锥曲线	直观想象;数学运算;逻辑推理	水平2-3	
1995	shanghai_liberal	11	数学建模与应用	数学建模活动	选修	数学建模与应用	数学建模;数据分析;数学运算	水平3	
1995	shanghai_liberal	12	基本初等函数	函数	必修	基本初等函数	数学运算;数学抽象	水平1-2	
1995	shanghai_liberal	13	未分类						无可匹配关键词
1995	shanghai_liberal	14	空间向量与立体几何	几何与代数	选择性必修	空间向量与立体几何;直线与圆	直观想象;数学运算	水平2-3	
1995	shanghai_liberal	15	函数概念与性质	函数	必修	函数概念与性质	数学抽象;数学运算	水平1-2	
1995	shanghai_liberal	16	函数概念与性质	函数	必修	函数概念与性质	数学抽象;数学运算	水平1-2	
1995	shanghai_liberal	17	三角函数	函数	必修	三角函数	数学运算;直观想象	水平1-2	
1995	shanghai_liberal	18	微积分（选修）	函数	选修	微积分（选修）	数学运算;数学抽象	水平3	
1995	shanghai_liberal	19	计数原理	概率与统计	选择性必修	计数原理	逻辑推理;数学运算	水平2-3	
1995	shanghai_liberal	20	直线与圆	几何与代数	选择性必修	直线与圆	直观想象;数学运算	水平2-3	
1995	shanghai_liberal	21	微积分（选修）	函数	选修	微积分（选修）	数学运算;数学抽象	水平3	
1995	shanghai_liberal	22	计数原理	概率与统计	选择性必修	计数原理;概率	逻辑推理;数学运算;数据分析	水平2-3	
1995	shanghai_liberal	23	数学建模与应用	数学建模活动	选修	数学建模与应用	数学建模;数据分析;数学运算	水平3	
1995	shanghai_liberal	24	三角函数	函数	必修	三角函数	数学运算;直观想象	水平1-2	
1995	shanghai_liberal	25	复数	几何与代数	必修	复数	数学运算;数学抽象	水平1-2	
1995	shanghai_liberal	26	平面向量	几何与代数	必修	平面向量;空间向量与立体几何;三角函数;复数	数学运算;直观想象	水平1-2	
1995	shanghai_liberal	27	函数概念与性质	函数	必修	函数概念与性质;导数;平面向量;复数	数学抽象;数学运算;逻辑推理;直观想象	水平1-2	
1995	shanghai_liberal	28	立体几何初步	几何与代数	必修	立体几何初步;三角函数;复数;空间向量与立体几何	直观想象;数学运算;数学抽象	水平1-2	
1995	shanghai_liberal	29	不等式与方程	函数	必修	不等式与方程;直线与圆;复数;圆锥曲线	数学运算;逻辑推理;直观想象;数学抽象	水平1-2	
1995	shanghai_liberal	30	不等式与方程	函数	必修	不等式与方程;函数概念与性质;复数;直线与圆	数学运算;逻辑推理;数学抽象	水平1-2	
1995	shanghai_science	1	三角函数	函数	必修	三角函数;函数概念与性质;不等式与方程	数学运算;直观想象;数学抽象;逻辑推理	水平1-2	
1995	shanghai_science	2	集合	函数	必修	集合	数学抽象;数学运算	水平1-2	
1995	shanghai_science	3	三角函数	函数	必修	三角函数	数学运算;直观想象	水平1-2	
1995	shanghai_science	4	立体几何初步	几何与代数	必修	立体几何初步	直观想象;数学运算	水平1-2	
1995	shanghai_science	5	常用逻辑用语	函数	必修	常用逻辑用语;圆锥曲线	逻辑推理;数学抽象;直观想象;数学运算	水平1-2	
1995	shanghai_science	6	函数概念与性质	函数	必修	函数概念与性质(兜底)	数学抽象;数学运算	水平1-2	仅命中'函数'兜底
1995	shanghai_science	7	不等式与方程	函数	必修	不等式与方程	数学运算;逻辑推理	水平1-2	
1995	shanghai_science	8	常用逻辑用语	函数	必修	常用逻辑用语;直线与圆	逻辑推理;数学抽象;直观想象;数学运算	水平1-2	
1995	shanghai_science	9	不等式与方程	函数	必修	不等式与方程;基本初等函数	数学运算;逻辑推理;数学抽象	水平1-2	
1995	shanghai_science	10	圆锥曲线	几何与代数	选择性必修	圆锥曲线	直观想象;数学运算;逻辑推理	水平2-3	
1995	shanghai_science	11	数学建模与应用	数学建模活动	选修	数学建模与应用	数学建模;数据分析;数学运算	水平3	
1995	shanghai_science	12	基本初等函数	函数	必修	基本初等函数	数学运算;数学抽象	水平1-2	
1995	shanghai_science	13	未分类						无可匹配关键词
1995	shanghai_science	14	空间向量与立体几何	几何与代数	选择性必修	空间向量与立体几何;直线与圆	直观想象;数学运算	水平2-3	
1995	shanghai_science	15	三角函数	函数	必修	三角函数;参数方程与极坐标	数学运算;直观想象	水平1-2	
1995	shanghai_science	16	参数方程与极坐标	几何与代数	选择性必修	参数方程与极坐标;三角函数;平面向量	数学运算;直观想象	水平2-3	
1995	shanghai_science	17	三角函数	函数	必修	三角函数	数学运算;直观想象	水平1-2	
1995	shanghai_science	18	微积分（选修）	函数	选修	微积分（选修）	数学运算;数学抽象	水平3	
1995	shanghai_science	19	计数原理	概率与统计	选择性必修	计数原理	逻辑推理;数学运算	水平2-3	
1995	shanghai_science	20	直线与圆	几何与代数	选择性必修	直线与圆	直观想象;数学运算	水平2-3	
1995	shanghai_science	21	微积分（选修）	函数	选修	微积分（选修）	数学运算;数学抽象	水平3	
1995	shanghai_science	22	计数原理	概率与统计	选择性必修	计数原理;概率	逻辑推理;数学运算;数据分析	水平2-3	
1995	shanghai_science	23	复数	几何与代数	必修	复数	数学运算;数学抽象	水平1-2	
1995	shanghai_science	24	三角函数	函数	必修	三角函数	数学运算;直观想象	水平1-2	
1995	shanghai_science	25	复数	几何与代数	必修	复数	数学运算;数学抽象	水平1-2	
1995	shanghai_science	26	平面向量	几何与代数	必修	平面向量;空间向量与立体几何;三角函数;复数	数学运算;直观想象	水平1-2	
1995	shanghai_science	27	函数概念与性质	函数	必修	函数概念与性质;导数;平面向量;复数;直线与圆	数学抽象;数学运算;逻辑推理;直观想象	水平1-2	
1995	shanghai_science	28	立体几何初步	几何与代数	必修	立体几何初步;三角函数;复数;空间向量与立体几何	直观想象;数学运算;数学抽象	水平1-2	
1995	shanghai_science	29	不等式与方程	函数	必修	不等式与方程;直线与圆;复数;圆锥曲线	数学运算;逻辑推理;直观想象;数学抽象	水平1-2	
1995	shanghai_science	30	数列	函数	选择性必修	数列;不等式与方程;函数概念与性质;复数;直线与圆;计数原理	逻辑推理;数学运算;数学抽象	水平2-3	
1996	shanghai_liberal	1	集合	函数	必修	集合	数学抽象;数学运算	水平1-2	
1996	shanghai_liberal	2	三角函数	函数	必修	三角函数;导数	数学运算;直观想象;逻辑推理	水平1-2	
1996	shanghai_liberal	3	三角函数	函数	必修	三角函数;直线与圆	数学运算;直观想象	水平1-2	
1996	shanghai_liberal	4	立体几何初步	几何与代数	必修	立体几何初步;常用逻辑用语;空间向量与立体几何;直线与圆	直观想象;数学运算;逻辑推理;数学抽象	水平1-2	
1996	shanghai_liberal	5	圆锥曲线	几何与代数	选择性必修	圆锥曲线;直线与圆	直观想象;数学运算;逻辑推理	水平2-3	
1996	shanghai_liberal	6	常用逻辑用语	函数	必修	常用逻辑用语;函数概念与性质	逻辑推理;数学抽象;数学运算	水平1-2	
1996	shanghai_liberal	7	基本初等函数	函数	必修	基本初等函数	数学运算;数学抽象	水平1-2	
1996	shanghai_liberal	8	基本初等函数	函数	必修	基本初等函数	数学运算;数学抽象	水平1-2	
1996	shanghai_liberal	9	基本初等函数	函数	必修	基本初等函数	数学运算;数学抽象	水平1-2	
1996	shanghai_liberal	10	基本初等函数	函数	必修	基本初等函数;函数概念与性质	数学运算;数学抽象	水平1-2	
1996	shanghai_liberal	11	三角函数	函数	必修	三角函数;基本初等函数	数学运算;直观想象;数学抽象	水平1-2	
1996	shanghai_liberal	12	函数概念与性质	函数	必修	函数概念与性质	数学抽象;数学运算	水平1-2	
1996	shanghai_liberal	13	直线与圆	几何与代数	选择性必修	直线与圆	直观想象;数学运算	水平2-3	
1996	shanghai_liberal	14	计数原理	概率与统计	选择性必修	计数原理	逻辑推理;数学运算	水平2-3	
1996	shanghai_liberal	15	平面向量	几何与代数	必修	平面向量;直线与圆	数学运算;直观想象	水平1-2	
1996	shanghai_liberal	16	平面向量	几何与代数	必修	平面向量;圆锥曲线	数学运算;直观想象;逻辑推理	水平1-2	
1996	shanghai_liberal	17	计数原理	概率与统计	选择性必修	计数原理	逻辑推理;数学运算	水平2-3	
1996	shanghai_liberal	18	直线与圆	几何与代数	选择性必修	直线与圆	直观想象;数学运算	水平2-3	
1996	shanghai_liberal	19	平面向量	几何与代数	必修	平面向量	数学运算;直观想象	水平1-2	
1996	shanghai_liberal	20	微积分（选修）	函数	选修	微积分（选修）	数学运算;数学抽象	水平3	
1996	shanghai_liberal	21	概率	概率与统计	选择性必修	概率	数据分析;数学运算;逻辑推理	水平2-3	
1996	shanghai_liberal	22	计数原理	概率与统计	选择性必修	计数原理;概率;数学建模与应用	逻辑推理;数学运算;数据分析;数学建模	水平2-3	
1996	shanghai_liberal	23	三角函数	函数	必修	三角函数	数学运算;直观想象	水平1-2	
1996	shanghai_liberal	24	平面向量	几何与代数	必修	平面向量;复数	数学运算;直观想象;数学抽象	水平1-2	
1996	shanghai_liberal	25	复数	几何与代数	必修	复数;立体几何初步;空间向量与立体几何;直线与圆	数学运算;数学抽象;直观想象	水平1-2	
1996	shanghai_liberal	26	复数	几何与代数	必修	复数;不等式与方程	数学运算;数学抽象;逻辑推理	水平1-2	
1996	shanghai_liberal	27	三角函数	函数	必修	三角函数;复数;直线与圆;圆锥曲线	数学运算;直观想象;数学抽象	水平1-2	
1996	shanghai_liberal	28	直线与圆	几何与代数	选择性必修	直线与圆;圆锥曲线;平面向量;复数;空间向量与立体几何	直观想象;数学运算;逻辑推理	水平2-3	
1996	shanghai_liberal	29	数列	函数	选择性必修	数列;集合;复数;计数原理	逻辑推理;数学运算;数学抽象	水平2-3	
1996	shanghai_science	1	集合	函数	必修	集合	数学抽象;数学运算	水平1-2	
1996	shanghai_science	2	三角函数	函数	必修	三角函数;导数	数学运算;直观想象;逻辑推理	水平1-2	
1996	shanghai_science	3	基本初等函数	函数	必修	基本初等函数	数学运算;数学抽象	水平1-2	
1996	shanghai_science	4	立体几何初步	几何与代数	必修	立体几何初步;常用逻辑用语;空间向量与立体几何;直线与圆	直观想象;数学运算;逻辑推理;数学抽象	水平1-2	
1996	shanghai_science	5	圆锥曲线	几何与代数	选择性必修	圆锥曲线;直线与圆	直观想象;数学运算;逻辑推理	水平2-3	
1996	shanghai_science	6	常用逻辑用语	函数	必修	常用逻辑用语;函数概念与性质	逻辑推理;数学抽象;数学运算	水平1-2	
1996	shanghai_science	7	三角函数	函数	必修	三角函数;直线与圆;圆锥曲线	数学运算;直观想象;逻辑推理	水平1-2	
1996	shanghai_science	8	基本初等函数	函数	必修	基本初等函数	数学运算;数学抽象	水平1-2	
1996	shanghai_science	9	基本初等函数	函数	必修	基本初等函数	数学运算;数学抽象	水平1-2	
1996	shanghai_science	10	基本初等函数	函数	必修	基本初等函数;函数概念与性质	数学运算;数学抽象	水平1-2	
1996	shanghai_science	11	三角函数	函数	必修	三角函数;基本初等函数	数学运算;直观想象;数学抽象	水平1-2	
1996	shanghai_science	12	函数概念与性质	函数	必修	函数概念与性质	数学抽象;数学运算	水平1-2	
1996	shanghai_science	13	直线与圆	几何与代数	选择性必修	直线与圆;三角函数;参数方程与极坐标;平面向量	直观想象;数学运算	水平2-3	
1996	shanghai_science	14	计数原理	概率与统计	选择性必修	计数原理	逻辑推理;数学运算	水平2-3	
1996	shanghai_science	15	平面向量	几何与代数	必修	平面向量;直线与圆	数学运算;直观想象	水平1-2	
1996	shanghai_science	16	平面向量	几何与代数	必修	平面向量;圆锥曲线	数学运算;直观想象;逻辑推理	水平1-2	
1996	shanghai_science	17	计数原理	概率与统计	选择性必修	计数原理	逻辑推理;数学运算	水平2-3	
1996	shanghai_science	18	立体几何初步	几何与代数	必修	立体几何初步;直线与圆	直观想象;数学运算	水平1-2	
1996	shanghai_science	19	平面向量	几何与代数	必修	平面向量	数学运算;直观想象	水平1-2	
1996	shanghai_science	20	微积分（选修）	函数	选修	微积分（选修）	数学运算;数学抽象	水平3	
1996	shanghai_science	21	概率	概率与统计	选择性必修	概率	数据分析;数学运算;逻辑推理	水平2-3	
1996	shanghai_science	22	复数	几何与代数	必修	复数;三角函数	数学运算;数学抽象;直观想象	水平1-2	
1996	shanghai_science	23	三角函数	函数	必修	三角函数	数学运算;直观想象	水平1-2	
1996	shanghai_science	24	平面向量	几何与代数	必修	平面向量;复数	数学运算;直观想象;数学抽象	水平1-2	
1996	shanghai_science	25	复数	几何与代数	必修	复数;立体几何初步;空间向量与立体几何;直线与圆	数学运算;数学抽象;直观想象	水平1-2	
1996	shanghai_science	26	复数	几何与代数	必修	复数;不等式与方程	数学运算;数学抽象;逻辑推理	水平1-2	
1996	shanghai_science	27	三角函数	函数	必修	三角函数;复数;直线与圆;圆锥曲线	数学运算;直观想象;数学抽象	水平1-2	
1996	shanghai_science	28	直线与圆	几何与代数	选择性必修	直线与圆;圆锥曲线;平面向量;复数;空间向量与立体几何	直观想象;数学运算;逻辑推理	水平2-3	
1996	shanghai_science	29	数列	函数	选择性必修	数列;微积分（选修）;集合;复数	逻辑推理;数学运算;数学抽象	水平2-3	
1997	shanghai_liberal	1	集合	函数	必修	集合	数学抽象;数学运算	水平1-2	
1997	shanghai_liberal	2	基本初等函数	函数	必修	基本初等函数	数学运算;数学抽象	水平1-2	
1997	shanghai_liberal	3	立体几何初步	几何与代数	必修	立体几何初步;常用逻辑用语;空间向量与立体几何;直线与圆	直观想象;数学运算;逻辑推理;数学抽象	水平1-2	
1997	shanghai_liberal	4	圆锥曲线	几何与代数	选择性必修	圆锥曲线;直线与圆	直观想象;数学运算;逻辑推理	水平2-3	
1997	shanghai_liberal	5	直线与圆	几何与代数	选择性必修	直线与圆	直观想象;数学运算	水平2-3	
1997	shanghai_liberal	6	未分类						无可匹配关键词
1997	shanghai_liberal	7	基本初等函数	函数	必修	基本初等函数	数学运算;数学抽象	水平1-2	
1997	shanghai_liberal	8	三角函数	函数	必修	三角函数	数学运算;直观想象	水平1-2	
1997	shanghai_liberal	9	复数	几何与代数	必修	复数	数学运算;数学抽象	水平1-2	
1997	shanghai_liberal	10	直线与圆	几何与代数	选择性必修	直线与圆	直观想象;数学运算	水平2-3	
1997	shanghai_liberal	11	计数原理	概率与统计	选择性必修	计数原理	逻辑推理;数学运算	水平2-3	
1997	shanghai_liberal	12	三角函数	函数	必修	三角函数;不等式与方程;函数概念与性质	数学运算;直观想象;逻辑推理;数学抽象	水平1-2	
1997	shanghai_liberal	13	微积分（选修）	函数	选修	微积分（选修）	数学运算;数学抽象	水平3	
1997	shanghai_liberal	14	微积分（选修）	函数	选修	微积分（选修）	数学运算;数学抽象	水平3	
1997	shanghai_liberal	15	立体几何初步	几何与代数	必修	立体几何初步;空间向量与立体几何	直观想象;数学运算	水平1-2	
1997	shanghai_liberal	16	平面向量	几何与代数	必修	平面向量	数学运算;直观想象	水平1-2	
1997	shanghai_liberal	17	直线与圆	几何与代数	选择性必修	直线与圆	直观想象;数学运算	水平2-3	
1997	shanghai_liberal	18	函数概念与性质	函数	必修	函数概念与性质;导数	数学抽象;数学运算;逻辑推理	水平1-2	
1997	shanghai_liberal	19	集合	函数	必修	集合;平面向量;直线与圆	数学抽象;数学运算;直观想象	水平1-2	
1997	shanghai_liberal	20	集合	函数	必修	集合;平面向量;直线与圆;概率	数学抽象;数学运算;直观想象	水平1-2	
1997	shanghai_liberal	21	三角函数	函数	必修	三角函数	数学运算;直观想象	水平1-2	
1997	shanghai_liberal	22	直线与圆	几何与代数	选择性必修	直线与圆;不等式与方程;立体几何初步;空间向量与立体几何;圆锥曲线	直观想象;数学运算;逻辑推理	水平2-3	
1997	shanghai_liberal	23	三角函数	函数	必修	三角函数;复数;立体几何初步	数学运算;直观想象;数学抽象	水平1-2	
1997	shanghai_liberal	24	复数	几何与代数	必修	复数;不等式与方程;计数原理	数学运算;数学抽象;逻辑推理	水平1-2	
1997	shanghai_liberal	25	复数	几何与代数	必修	复数;立体几何初步;直线与圆;圆锥曲线	数学运算;数学抽象;直观想象	水平1-2	
1997	shanghai_liberal	26	圆锥曲线	几何与代数	选择性必修	圆锥曲线;常用逻辑用语;复数;空间向量与立体几何;直线与圆	直观想象;数学运算;逻辑推理;数学抽象	水平2-3	
1997	shanghai_liberal	27	数列	函数	选择性必修	数列;复数	逻辑推理;数学运算;数学抽象	水平2-3	
1997	shanghai_science	1	集合	函数	必修	集合	数学抽象;数学运算	水平1-2	
1997	shanghai_science	2	基本初等函数	函数	必修	基本初等函数	数学运算;数学抽象	水平1-2	
1997	shanghai_science	3	立体几何初步	几何与代数	必修	立体几何初步;常用逻辑用语;空间向量与立体几何;直线与圆	直观想象;数学运算;逻辑推理;数学抽象	水平1-2	
1997	shanghai_science	4	圆锥曲线	几何与代数	选择性必修	圆锥曲线;直线与圆	直观想象;数学运算;逻辑推理	水平2-3	
1997	shanghai_science	5	直线与圆	几何与代数	选择性必修	直线与圆	直观想象;数学运算	水平2-3	
1997	shanghai_science	6	未分类						无可匹配关键词
1997	shanghai_science	7	三角函数	函数	必修	三角函数;平面向量;圆锥曲线	数学运算;直观想象;逻辑推理	水平1-2	
1997	shanghai_science	8	三角函数	函数	必修	三角函数	数学运算;直观想象	水平1-2	
1997	shanghai_science	9	复数	几何与代数	必修	复数	数学运算;数学抽象	水平1-2	
1997	shanghai_science	10	直线与圆	几何与代数	选择性必修	直线与圆	直观想象;数学运算	水平2-3	
1997	shanghai_science	11	计数原理	概率与统计	选择性必修	计数原理	逻辑推理;数学运算	水平2-3	
1997	shanghai_science	12	三角函数	函数	必修	三角函数;不等式与方程;函数概念与性质	数学运算;直观想象;逻辑推理;数学抽象	水平1-2	
1997	shanghai_science	13	微积分（选修）	函数	选修	微积分（选修）	数学运算;数学抽象	水平3	
1997	shanghai_science	14	立体几何初步	几何与代数	必修	立体几何初步;空间向量与立体几何	直观想象;数学运算	水平1-2	
1997	shanghai_science	15	直线与圆	几何与代数	选择性必修	直线与圆	直观想象;数学运算	水平2-3	
1997	shanghai_science	16	集合	函数	必修	集合;平面向量;直线与圆	数学抽象;数学运算;直观想象	水平1-2	
1997	shanghai_science	17	微积分（选修）	函数	选修	微积分（选修）	数学运算;数学抽象	水平3	
1997	shanghai_science	18	平面向量	几何与代数	必修	平面向量	数学运算;直观想象	水平1-2	
1997	shanghai_science	19	函数概念与性质	函数	必修	函数概念与性质;导数	数学抽象;数学运算;逻辑推理	水平1-2	
1997	shanghai_science	20	集合	函数	必修	集合;平面向量;直线与圆;概率	数学抽象;数学运算;直观想象	水平1-2	
1997	shanghai_science	21	三角函数	函数	必修	三角函数	数学运算;直观想象	水平1-2	
1997	shanghai_science	22	直线与圆	几何与代数	选择性必修	直线与圆;不等式与方程;立体几何初步;空间向量与立体几何;圆锥曲线	直观想象;数学运算;逻辑推理	水平2-3	
1997	shanghai_science	23	三角函数	函数	必修	三角函数;复数;立体几何初步	数学运算;直观想象;数学抽象	水平1-2	
1997	shanghai_science	24	复数	几何与代数	必修	复数;不等式与方程;计数原理	数学运算;数学抽象;逻辑推理	水平1-2	
1997	shanghai_science	25	复数	几何与代数	必修	复数;立体几何初步;直线与圆;圆锥曲线	数学运算;数学抽象;直观想象	水平1-2	
1997	shanghai_science	26	圆锥曲线	几何与代数	选择性必修	圆锥曲线;常用逻辑用语;复数;空间向量与立体几何;直线与圆	直观想象;数学运算;逻辑推理;数学抽象	水平2-3	
1997	shanghai_science	27	数列	函数	选择性必修	数列;微积分（选修）;复数;计数原理	逻辑推理;数学运算;数学抽象	水平2-3	
1998	shanghai_liberal	1	基本初等函数	函数	必修	基本初等函数	数学运算;数学抽象	水平1-2	
1998	shanghai_liberal	2	三角函数	函数	必修	三角函数;不等式与方程	数学运算;直观想象;逻辑推理	水平1-2	
1998	shanghai_liberal	3	微积分（选修）	函数	选修	微积分（选修）	数学运算;数学抽象	水平3	
1998	shanghai_liberal	4	函数概念与性质	函数	必修	函数概念与性质	数学抽象;数学运算	水平1-2	
1998	shanghai_liberal	5	立体几何初步	几何与代数	必修	立体几何初步	直观想象;数学运算	水平1-2	
1998	shanghai_liberal	6	数学建模与应用	数学建模活动	选修	数学建模与应用	数学建模;数据分析;数学运算	水平3	
1998	shanghai_liberal	7	概率	概率与统计	选择性必修	概率	数据分析;数学运算;逻辑推理	水平2-3	
1998	shanghai_liberal	8	不等式与方程	函数	必修	不等式与方程	数学运算;逻辑推理	水平1-2	
1998	shanghai_liberal	9	计数原理	概率与统计	选择性必修	计数原理	逻辑推理;数学运算	水平2-3	
1998	shanghai_liberal	10	数列	函数	选择性必修	数列	逻辑推理;数学运算	水平2-3	
1998	shanghai_liberal	11	圆锥曲线	几何与代数	选择性必修	圆锥曲线;直线与圆	直观想象;数学运算;逻辑推理	水平2-3	
1998	shanghai_liberal	12	三角函数	函数	必修	三角函数;函数概念与性质	数学运算;直观想象;数学抽象	水平1-2	
1998	shanghai_liberal	13	三角函数	函数	必修	三角函数;基本初等函数	数学运算;直观想象;数学抽象	水平1-2	
1998	shanghai_liberal	14	立体几何初步	几何与代数	必修	立体几何初步;常用逻辑用语;直线与圆	直观想象;数学运算;逻辑推理;数学抽象	水平1-2	
1998	shanghai_liberal	15	集合	函数	必修	集合	数学抽象;数学运算	水平1-2	
1998	shanghai_liberal	16	三角函数	函数	必修	三角函数;立体几何初步;直线与圆	数学运算;直观想象	水平1-2	
1998	shanghai_liberal	17	三角函数	函数	必修	三角函数	数学运算;直观想象	水平1-2	
1998	shanghai_liberal	18	复数	几何与代数	必修	复数	数学运算;数学抽象	水平1-2	
1998	shanghai_liberal	19	立体几何初步	几何与代数	必修	立体几何初步;空间向量与立体几何;三角函数;平面向量;复数;直线与圆	直观想象;数学运算	水平1-2	
1998	shanghai_liberal	20	三角函数	函数	必修	三角函数;平面向量;复数;空间向量与立体几何;直线与圆	数学运算;直观想象;数学抽象	水平1-2	
1998	shanghai_liberal	21	函数概念与性质	函数	必修	函数概念与性质;复数	数学抽象;数学运算	水平1-2	
1998	shanghai_liberal	22	集合	函数	必修	集合;数列;微积分（选修）;直线与圆;计数原理;函数概念与性质;复数;立体几何初步;圆锥曲线	数学抽象;数学运算;逻辑推理	水平1-2	
1998	shanghai_science	1	基本初等函数	函数	必修	基本初等函数	数学运算;数学抽象	水平1-2	
1998	shanghai_science	2	三角函数	函数	必修	三角函数;不等式与方程	数学运算;直观想象;逻辑推理	水平1-2	
1998	shanghai_science	3	微积分（选修）	函数	选修	微积分（选修）	数学运算;数学抽象	水平3	
1998	shanghai_science	4	函数概念与性质	函数	必修	函数概念与性质	数学抽象;数学运算	水平1-2	
1998	shanghai_science	5	立体几何初步	几何与代数	必修	立体几何初步	直观想象;数学运算	水平1-2	
1998	shanghai_science	6	圆锥曲线	几何与代数	选择性必修	圆锥曲线;参数方程与极坐标;平面向量;直线与圆	直观想象;数学运算;逻辑推理	水平2-3	
1998	shanghai_science	7	概率	概率与统计	选择性必修	概率	数据分析;数学运算;逻辑推理	水平2-3	
1998	shanghai_science	8	不等式与方程	函数	必修	不等式与方程	数学运算;逻辑推理	水平1-2	
1998	shanghai_science	9	计数原理	概率与统计	选择性必修	计数原理	逻辑推理;数学运算	水平2-3	
1998	shanghai_science	10	数列	函数	选择性必修	数列	逻辑推理;数学运算	水平2-3	
1998	shanghai_science	11	不等式与方程	函数	必修	不等式与方程;函数概念与性质	数学运算;逻辑推理;数学抽象	水平1-2	
1998	shanghai_science	12	三角函数	函数	必修	三角函数;函数概念与性质	数学运算;直观想象;数学抽象	水平1-2	
1998	shanghai_science	13	三角函数	函数	必修	三角函数;基本初等函数	数学运算;直观想象;数学抽象	水平1-2	
1998	shanghai_science	14	立体几何初步	几何与代数	必修	立体几何初步;常用逻辑用语;直线与圆	直观想象;数学运算;逻辑推理;数学抽象	水平1-2	
1998	shanghai_science	15	集合	函数	必修	集合	数学抽象;数学运算	水平1-2	
1998	shanghai_science	16	三角函数	函数	必修	三角函数;立体几何初步;直线与圆	数学运算;直观想象	水平1-2	
1998	shanghai_science	17	三角函数	函数	必修	三角函数	数学运算;直观想象	水平1-2	
1998	shanghai_science	18	平面向量	几何与代数	必修	平面向量;复数	数学运算;直观想象;数学抽象	水平1-2	
1998	shanghai_science	19	立体几何初步	几何与代数	必修	立体几何初步;空间向量与立体几何;三角函数;平面向量;复数;直线与圆	直观想象;数学运算	水平1-2	
1998	shanghai_science	20	三角函数	函数	必修	三角函数;平面向量;复数;直线与圆;圆锥曲线	数学运算;直观想象;数学抽象	水平1-2	
1998	shanghai_science	21	函数概念与性质	函数	必修	函数概念与性质;复数	数学抽象;数学运算	水平1-2	
1998	shanghai_science	22	数列	函数	选择性必修	数列;微积分（选修）;集合;直线与圆;不等式与方程;函数概念与性质;复数;立体几何初步;圆锥曲线;计数原理	逻辑推理;数学运算;数学抽象	水平2-3	
1999	shanghai_liberal	1	三角函数	函数	必修	三角函数	数学运算;直观想象	水平1-2	
1999	shanghai_liberal	2	函数概念与性质	函数	必修	函数概念与性质;基本初等函数	数学抽象;数学运算	水平1-2	
1999	shanghai_liberal	3	计数原理	概率与统计	选择性必修	计数原理	逻辑推理;数学运算	水平2-3	
1999	shanghai_liberal	4	三角函数	函数	必修	三角函数	数学运算;直观想象	水平1-2	
1999	shanghai_liberal	5	平面向量	几何与代数	必修	平面向量	数学运算;直观想象	水平1-2	
1999	shanghai_liberal	6	三角函数	函数	必修	三角函数;不等式与方程	数学运算;直观想象;逻辑推理	水平1-2	
1999	shanghai_liberal	7	三角函数	函数	必修	三角函数;导数	数学运算;直观想象;逻辑推理	水平1-2	
1999	shanghai_liberal	8	数学建模与应用	数学建模活动	选修	数学建模与应用	数学建模;数据分析;数学运算	水平3	
1999	shanghai_liberal	9	基本初等函数	函数	必修	基本初等函数	数学运算;数学抽象	水平1-2	
1999	shanghai_liberal	10	数列	函数	选择性必修	数列;不等式与方程	逻辑推理;数学运算	水平2-3	
1999	shanghai_liberal	11	平面向量	几何与代数	必修	平面向量;直线与圆;概率	数学运算;直观想象;数据分析;逻辑推理	水平1-2	
1999	shanghai_liberal	12	立体几何初步	几何与代数	必修	立体几何初步	直观想象;数学运算	水平1-2	
1999	shanghai_liberal	13	直线与圆	几何与代数	选择性必修	直线与圆	直观想象;数学运算	水平2-3	
1999	shanghai_liberal	14	三角函数	函数	必修	三角函数;参数方程与极坐标	数学运算;直观想象	水平1-2	
1999	shanghai_liberal	15	不等式与方程	函数	必修	不等式与方程	数学运算;逻辑推理	水平1-2	
1999	shanghai_liberal	16	常用逻辑用语	函数	必修	常用逻辑用语;直线与圆	逻辑推理;数学抽象;直观想象;数学运算	水平1-2	
1999	shanghai_liberal	17	集合	函数	必修	集合	数学抽象;数学运算	水平1-2	
1999	shanghai_liberal	18	数列	函数	选择性必修	数列;微积分（选修）	逻辑推理;数学运算;数学抽象	水平2-3	
1999	shanghai_liberal	19	三角函数	函数	必修	三角函数;复数	数学运算;直观想象;数学抽象	水平1-2	
1999	shanghai_liberal	20	立体几何初步	几何与代数	必修	立体几何初步;三角函数;复数;直线与圆	直观想象;数学运算;数学抽象	水平1-2	
1999	shanghai_liberal	21	立体几何初步	几何与代数	必修	立体几何初步;函数概念与性质;复数;圆锥曲线	直观想象;数学运算;数学抽象	水平1-2	
1999	shanghai_liberal	22	圆锥曲线	几何与代数	选择性必修	圆锥曲线;三角函数;函数概念与性质;平面向量;复数;直线与圆	直观想象;数学运算;逻辑推理;数学抽象	水平2-3	
1999	shanghai_science	1	三角函数	函数	必修	三角函数	数学运算;直观想象	水平1-2	
1999	shanghai_science	2	函数概念与性质	函数	必修	函数概念与性质;基本初等函数	数学抽象;数学运算	水平1-2	
1999	shanghai_science	3	计数原理	概率与统计	选择性必修	计数原理	逻辑推理;数学运算	水平2-3	
1999	shanghai_science	4	三角函数	函数	必修	三角函数	数学运算;直观想象	水平1-2	
1999	shanghai_science	5	平面向量	几何与代数	必修	平面向量	数学运算;直观想象	水平1-2	
1999	shanghai_science	6	三角函数	函数	必修	三角函数;不等式与方程	数学运算;直观想象;逻辑推理	水平1-2	
1999	shanghai_science	7	三角函数	函数	必修	三角函数;导数	数学运算;直观想象;逻辑推理	水平1-2	
1999	shanghai_science	8	平面向量	几何与代数	必修	平面向量	数学运算;直观想象	水平1-2	
1999	shanghai_science	9	参数方程与极坐标	几何与代数	选择性必修	参数方程与极坐标;三角函数;平面向量;圆锥曲线	数学运算;直观想象	水平2-3	
1999	shanghai_science	10	数列	函数	选择性必修	数列;不等式与方程;计数原理	逻辑推理;数学运算	水平2-3	
1999	shanghai_science	11	平面向量	几何与代数	必修	平面向量;直线与圆;概率	数学运算;直观想象;数据分析;逻辑推理	水平1-2	
1999	shanghai_science	12	立体几何初步	几何与代数	必修	立体几何初步	直观想象;数学运算	水平1-2	
1999	shanghai_science	13	直线与圆	几何与代数	选择性必修	直线与圆	直观想象;数学运算	水平2-3	
1999	shanghai_science	14	三角函数	函数	必修	三角函数;参数方程与极坐标	数学运算;直观想象	水平1-2	
1999	shanghai_science	15	不等式与方程	函数	必修	不等式与方程	数学运算;逻辑推理	水平1-2	
1999	shanghai_science	16	常用逻辑用语	函数	必修	常用逻辑用语;直线与圆	逻辑推理;数学抽象;直观想象;数学运算	水平1-2	
1999	shanghai_science	17	集合	函数	必修	集合	数学抽象;数学运算	水平1-2	
1999	shanghai_science	18	数列	函数	选择性必修	数列;微积分（选修）;计数原理	逻辑推理;数学运算;数学抽象	水平2-3	
1999	shanghai_science	19	复数	几何与代数	必修	复数	数学运算;数学抽象	水平1-2	
1999	shanghai_science	20	立体几何初步	几何与代数	必修	立体几何初步;三角函数;复数;直线与圆	直观想象;数学运算;数学抽象	水平1-2	
1999	shanghai_science	21	立体几何初步	几何与代数	必修	立体几何初步;函数概念与性质;复数;圆锥曲线	直观想象;数学运算;数学抽象	水平1-2	
1999	shanghai_science	22	圆锥曲线	几何与代数	选择性必修	圆锥曲线;三角函数;不等式与方程;函数概念与性质;平面向量;复数;直线与圆	直观想象;数学运算;逻辑推理	水平2-3	
2000	shanghai_liberal	1	平面向量	几何与代数	必修	平面向量	数学运算;直观想象	水平1-2	
2000	shanghai_liberal	2	基本初等函数	函数	必修	基本初等函数;函数概念与性质	数学运算;数学抽象	水平1-2	
2000	shanghai_liberal	3	圆锥曲线	几何与代数	选择性必修	圆锥曲线;平面向量;直线与圆	直观想象;数学运算;逻辑推理	水平2-3	
2000	shanghai_liberal	4	微积分（选修）	函数	选修	微积分（选修）	数学运算;数学抽象	水平3	
2000	shanghai_liberal	5	函数概念与性质	函数	必修	函数概念与性质	数学抽象;数学运算	水平1-2	
2000	shanghai_liberal	6	数学建模与应用	数学建模活动	选修	数学建模与应用	数学建模;数据分析;数学运算	水平3	
2000	shanghai_liberal	7	常用逻辑用语	函数	必修	常用逻辑用语;立体几何初步	逻辑推理;数学抽象;直观想象;数学运算	水平1-2	
2000	shanghai_liberal	8	函数概念与性质	函数	必修	函数概念与性质;不等式与方程;三角函数	数学抽象;数学运算;逻辑推理;直观想象	水平1-2	
2000	shanghai_liberal	9	计数原理	概率与统计	选择性必修	计数原理;不等式与方程	逻辑推理;数学运算	水平2-3	
2000	shanghai_liberal	10	概率	概率与统计	选择性必修	概率	数据分析;数学运算;逻辑推理	水平2-3	
2000	shanghai_liberal	11	不等式与方程	函数	必修	不等式与方程;平面向量;最优化	数学运算;逻辑推理;直观想象;数学建模	水平1-2	
2000	shanghai_liberal	12	数列	函数	选择性必修	数列;计数原理	逻辑推理;数学运算	水平2-3	
2000	shanghai_liberal	13	函数概念与性质	函数	必修	函数概念与性质;三角函数	数学抽象;数学运算;直观想象	水平1-2	
2000	shanghai_liberal	14	常用逻辑用语	函数	必修	常用逻辑用语;复数;直线与圆	逻辑推理;数学抽象;数学运算;直观想象	水平1-2	
2000	shanghai_liberal	15	集合	函数	必修	集合	数学抽象;数学运算	水平1-2	
2000	shanghai_liberal	16	三角函数	函数	必修	三角函数;常用逻辑用语;不等式与方程;基本初等函数	数学运算;直观想象;逻辑推理;数学抽象	水平1-2	
2000	shanghai_liberal	17	直线与圆	几何与代数	选择性必修	直线与圆;圆锥曲线;平面向量	直观想象;数学运算;逻辑推理	水平2-3	
2000	shanghai_liberal	18	立体几何初步	几何与代数	必修	立体几何初步;三角函数;直线与圆	直观想象;数学运算	水平1-2	
2000	shanghai_liberal	19	不等式与方程	函数	必修	不等式与方程;函数概念与性质;复数	数学运算;逻辑推理;数学抽象	水平1-2	
2000	shanghai_liberal	20	平面向量	几何与代数	必修	平面向量;复数;空间向量与立体几何;直线与圆	数学运算;直观想象;数学抽象	水平1-2	
2000	shanghai_liberal	21	不等式与方程	函数	必修	不等式与方程;数列;平面向量;复数;计数原理	数学运算;逻辑推理;直观想象	水平1-2	
2000	shanghai_liberal	22	复数	几何与代数	必修	复数;平面向量;直线与圆;矩阵与变换	数学运算;数学抽象;直观想象	水平1-2	
2000	shanghai_science	1	平面向量	几何与代数	必修	平面向量	数学运算;直观想象	水平1-2	
2000	shanghai_science	2	基本初等函数	函数	必修	基本初等函数;函数概念与性质	数学运算;数学抽象	水平1-2	
2000	shanghai_science	3	圆锥曲线	几何与代数	选择性必修	圆锥曲线;三角函数;平面向量;直线与圆	直观想象;数学运算;逻辑推理	水平2-3	
2000	shanghai_science	4	微积分（选修）	函数	选修	微积分（选修）	数学运算;数学抽象	水平3	
2000	shanghai_science	5	函数概念与性质	函数	必修	函数概念与性质	数学抽象;数学运算	水平1-2	
2000	shanghai_science	6	数学建模与应用	数学建模活动	选修	数学建模与应用	数学建模;数据分析;数学运算	水平3	
2000	shanghai_science	7	常用逻辑用语	函数	必修	常用逻辑用语;立体几何初步	逻辑推理;数学抽象;直观想象;数学运算	水平1-2	
2000	shanghai_science	8	函数概念与性质	函数	必修	函数概念与性质;不等式与方程;三角函数	数学抽象;数学运算;逻辑推理;直观想象	水平1-2	
2000	shanghai_science	9	计数原理	概率与统计	选择性必修	计数原理;不等式与方程	逻辑推理;数学运算	水平2-3	
2000	shanghai_science	10	概率	概率与统计	选择性必修	概率	数据分析;数学运算;逻辑推理	水平2-3	
2000	shanghai_science	11	参数方程与极坐标	几何与代数	选择性必修	参数方程与极坐标;三角函数;平面向量;立体几何初步;直线与圆	数学运算;直观想象	水平2-3	
2000	shanghai_science	12	数列	函数	选择性必修	数列	逻辑推理;数学运算	水平2-3	
2000	shanghai_science	13	复数	几何与代数	必修	复数;三角函数	数学运算;数学抽象;直观想象	水平1-2	
2000	shanghai_science	14	常用逻辑用语	函数	必修	常用逻辑用语;复数;直线与圆	逻辑推理;数学抽象;数学运算;直观想象	水平1-2	
2000	shanghai_science	15	集合	函数	必修	集合	数学抽象;数学运算	水平1-2	
2000	shanghai_science	16	三角函数	函数	必修	三角函数;常用逻辑用语;不等式与方程;基本初等函数	数学运算;直观想象;逻辑推理;数学抽象	水平1-2	
2000	shanghai_science	17	直线与圆	几何与代数	选择性必修	直线与圆;圆锥曲线;平面向量	直观想象;数学运算;逻辑推理	水平2-3	
2000	shanghai_science	18	立体几何初步	几何与代数	必修	立体几何初步;三角函数;直线与圆	直观想象;数学运算	水平1-2	
2000	shanghai_science	19	不等式与方程	函数	必修	不等式与方程;函数概念与性质;复数	数学运算;逻辑推理;数学抽象	水平1-2	
2000	shanghai_science	20	平面向量	几何与代数	必修	平面向量;复数;空间向量与立体几何;直线与圆	数学运算;直观想象;数学抽象	水平1-2	
2000	shanghai_science	21	不等式与方程	函数	必修	不等式与方程;数列;平面向量;复数	数学运算;逻辑推理;直观想象	水平1-2	
2000	shanghai_science	22	复数	几何与代数	必修	复数;常用逻辑用语;平面向量;直线与圆;矩阵与变换	数学运算;数学抽象;逻辑推理;直观想象	水平1-2	
2000	shanghai_spring	1	三角函数	函数	必修	三角函数	数学运算;直观想象	水平1-2	
2000	shanghai_spring	2	函数概念与性质	函数	必修	函数概念与性质	数学抽象;数学运算	水平1-2	
2000	shanghai_spring	3	基本初等函数	函数	必修	基本初等函数	数学运算;数学抽象	水平1-2	
2000	shanghai_spring	4	计数原理	概率与统计	选择性必修	计数原理	逻辑推理;数学运算	水平2-3	
2000	shanghai_spring	5	三角函数	函数	必修	三角函数	数学运算;直观想象	水平1-2	
2000	shanghai_spring	6	三角函数	函数	必修	三角函数;直线与圆	数学运算;直观想象	水平1-2	
2000	shanghai_spring	7	数列	函数	选择性必修	数列;微积分（选修）	逻辑推理;数学运算;数学抽象	水平2-3	
2000	shanghai_spring	8	立体几何初步	几何与代数	必修	立体几何初步	直观想象;数学运算	水平1-2	
2000	shanghai_spring	9	立体几何初步	几何与代数	必修	立体几何初步	直观想象;数学运算	水平1-2	
2000	shanghai_spring	10	计数原理	概率与统计	选择性必修	计数原理	逻辑推理;数学运算	水平2-3	
2000	shanghai_spring	11	集合	函数	必修	集合	数学抽象;数学运算	水平1-2	
2000	shanghai_spring	12	集合	函数	必修	集合	数学抽象;数学运算	水平1-2	
2000	shanghai_spring	13	圆锥曲线	几何与代数	选择性必修	圆锥曲线;平面向量	直观想象;数学运算;逻辑推理	水平2-3	
2000	shanghai_spring	14	圆锥曲线	几何与代数	选择性必修	圆锥曲线;直线与圆	直观想象;数学运算;逻辑推理	水平2-3	
2000	shanghai_spring	15	常用逻辑用语	函数	必修	常用逻辑用语;三角函数;不等式与方程	逻辑推理;数学抽象;数学运算;直观想象	水平1-2	
2000	shanghai_spring	16	三角函数	函数	必修	三角函数;函数概念与性质	数学运算;直观想象;数学抽象	水平1-2	
2000	shanghai_spring	17	函数概念与性质	函数	必修	函数概念与性质;直线与圆;圆锥曲线	数学抽象;数学运算;直观想象;逻辑推理	水平1-2	
2000	shanghai_spring	18	复数	几何与代数	必修	复数;三角函数	数学运算;数学抽象;直观想象	水平1-2	
2000	shanghai_spring	19	数学建模与应用	数学建模活动	选修	数学建模与应用	数学建模;数据分析;数学运算	水平3	
2000	shanghai_spring	20	数列	函数	选择性必修	数列;不等式与方程;复数	逻辑推理;数学运算;数学抽象	水平2-3	
2000	shanghai_spring	21	平面向量	几何与代数	必修	平面向量;立体几何初步;复数	数学运算;直观想象;数学抽象	水平1-2	
2000	shanghai_spring	22	不等式与方程	函数	必修	不等式与方程;直线与圆;圆锥曲线;三角函数;导数;平面向量;复数	数学运算;逻辑推理;直观想象	水平1-2	
2001	shanghai_liberal	1	基本初等函数	函数	必修	基本初等函数;函数概念与性质	数学运算;数学抽象	水平1-2	
2001	shanghai_liberal	2	数列	函数	选择性必修	数列;计数原理	逻辑推理;数学运算	水平2-3	
2001	shanghai_liberal	3	平面向量	几何与代数	必修	平面向量;圆锥曲线	数学运算;直观想象;逻辑推理	水平1-2	
2001	shanghai_liberal	4	集合	函数	必修	集合;三角函数	数学抽象;数学运算;直观想象	水平1-2	
2001	shanghai_liberal	5	圆锥曲线	几何与代数	选择性必修	圆锥曲线;平面向量	直观想象;数学运算;逻辑推理	水平2-3	
2001	shanghai_liberal	6	数列	函数	选择性必修	数列;微积分（选修）;计数原理	逻辑推理;数学运算;数学抽象	水平2-3	
2001	shanghai_liberal	7	计数原理	概率与统计	选择性必修	计数原理	逻辑推理;数学运算	水平2-3	
2001	shanghai_liberal	8	计数原理	概率与统计	选择性必修	计数原理	逻辑推理;数学运算	水平2-3	
2001	shanghai_liberal	9	三角函数	函数	必修	三角函数	数学运算;直观想象	水平1-2	
2001	shanghai_liberal	10	计数原理	概率与统计	选择性必修	计数原理;概率;数学建模与应用	逻辑推理;数学运算;数据分析;数学建模	水平2-3	
2001	shanghai_liberal	11	常用逻辑用语	函数	必修	常用逻辑用语;函数概念与性质;复数;直线与圆	逻辑推理;数学抽象;数学运算	水平1-2	
2001	shanghai_liberal	12	未分类						无可匹配关键词
2001	shanghai_liberal	13	常用逻辑用语	函数	必修	常用逻辑用语;立体几何初步;直线与圆	逻辑推理;数学抽象;直观想象;数学运算	水平1-2	
2001	shanghai_liberal	14	平面向量	几何与代数	必修	平面向量;立体几何初步	数学运算;直观想象	水平1-2	
2001	shanghai_liberal	15	常用逻辑用语	函数	必修	常用逻辑用语;直线与圆	逻辑推理;数学抽象;直观想象;数学运算	水平1-2	
2001	shanghai_liberal	16	不等式与方程	函数	必修	不等式与方程;微积分（选修）;常用逻辑用语;函数概念与性质;导数	数学运算;逻辑推理;数学抽象	水平1-2	
2001	shanghai_liberal	17	三角函数	函数	必修	三角函数	数学运算;直观想象	水平1-2	
2001	shanghai_liberal	18	圆锥曲线	几何与代数	选择性必修	圆锥曲线;直线与圆	直观想象;数学运算;逻辑推理	水平2-3	
2001	shanghai_liberal	19	立体几何初步	几何与代数	必修	立体几何初步;不等式与方程;三角函数;复数;空间向量与立体几何	直观想象;数学运算;逻辑推理	水平1-2	
2001	shanghai_liberal	20	集合	函数	必修	集合;复数;常用逻辑用语;概率	数学抽象;数学运算;逻辑推理	水平1-2	
2001	shanghai_liberal	21	常用逻辑用语	函数	必修	常用逻辑用语;不等式与方程;函数概念与性质;复数;计数原理	逻辑推理;数学抽象;数学运算	水平1-2	
2001	shanghai_liberal	22	数列	函数	选择性必修	数列;常用逻辑用语;函数概念与性质;复数	逻辑推理;数学运算;数学抽象	水平2-3	
2001	shanghai_science	1	基本初等函数	函数	必修	基本初等函数;函数概念与性质	数学运算;数学抽象	水平1-2	
2001	shanghai_science	2	数列	函数	选择性必修	数列;计数原理	逻辑推理;数学运算	水平2-3	
2001	shanghai_science	3	平面向量	几何与代数	必修	平面向量;圆锥曲线	数学运算;直观想象;逻辑推理	水平1-2	
2001	shanghai_science	4	集合	函数	必修	集合;三角函数	数学抽象;数学运算;直观想象	水平1-2	
2001	shanghai_science	5	圆锥曲线	几何与代数	选择性必修	圆锥曲线;平面向量	直观想象;数学运算;逻辑推理	水平2-3	
2001	shanghai_science	6	数列	函数	选择性必修	数列;微积分（选修）;计数原理	逻辑推理;数学运算;数学抽象	水平2-3	
2001	shanghai_science	7	计数原理	概率与统计	选择性必修	计数原理	逻辑推理;数学运算	水平2-3	
2001	shanghai_science	8	计数原理	概率与统计	选择性必修	计数原理	逻辑推理;数学运算	水平2-3	
2001	shanghai_science	9	三角函数	函数	必修	三角函数	数学运算;直观想象	水平1-2	
2001	shanghai_science	10	三角函数	函数	必修	三角函数;平面向量;直线与圆	数学运算;直观想象	水平1-2	
2001	shanghai_science	11	常用逻辑用语	函数	必修	常用逻辑用语;函数概念与性质;复数;直线与圆	逻辑推理;数学抽象;数学运算	水平1-2	
2001	shanghai_science	12	未分类						无可匹配关键词
2001	shanghai_science	13	常用逻辑用语	函数	必修	常用逻辑用语;立体几何初步;直线与圆	逻辑推理;数学抽象;直观想象;数学运算	水平1-2	
2001	shanghai_science	14	平面向量	几何与代数	必修	平面向量;立体几何初步	数学运算;直观想象	水平1-2	
2001	shanghai_science	15	常用逻辑用语	函数	必修	常用逻辑用语;直线与圆	逻辑推理;数学抽象;直观想象;数学运算	水平1-2	
2001	shanghai_science	16	不等式与方程	函数	必修	不等式与方程;微积分（选修）;常用逻辑用语;函数概念与性质;导数	数学运算;逻辑推理;数学抽象	水平1-2	
2001	shanghai_science	17	三角函数	函数	必修	三角函数	数学运算;直观想象	水平1-2	
2001	shanghai_science	18	圆锥曲线	几何与代数	选择性必修	圆锥曲线;直线与圆	直观想象;数学运算;逻辑推理	水平2-3	
2001	shanghai_science	19	立体几何初步	几何与代数	必修	立体几何初步;不等式与方程;三角函数;复数;空间向量与立体几何	直观想象;数学运算;逻辑推理	水平1-2	
2001	shanghai_science	20	复数	几何与代数	必修	复数;集合;概率	数学运算;数学抽象;数据分析;逻辑推理	水平1-2	
2001	shanghai_science	21	常用逻辑用语	函数	必修	常用逻辑用语;不等式与方程;函数概念与性质;复数;计数原理	逻辑推理;数学抽象;数学运算	水平1-2	
2001	shanghai_science	22	数列	函数	选择性必修	数列;函数概念与性质;复数	逻辑推理;数学运算;数学抽象	水平2-3	
2001	shanghai_spring	1	函数概念与性质	函数	必修	函数概念与性质	数学抽象;数学运算	水平1-2	
2001	shanghai_spring	2	复数	几何与代数	必修	复数	数学运算;数学抽象	水平1-2	
2001	shanghai_spring	3	三角函数	函数	必修	三角函数;不等式与方程	数学运算;直观想象;逻辑推理	水平1-2	
2001	shanghai_spring	4	计数原理	概率与统计	选择性必修	计数原理	逻辑推理;数学运算	水平2-3	
2001	shanghai_spring	5	圆锥曲线	几何与代数	选择性必修	圆锥曲线;平面向量	直观想象;数学运算;逻辑推理	水平2-3	
2001	shanghai_spring	6	直线与圆	几何与代数	选择性必修	直线与圆	直观想象;数学运算	水平2-3	
2001	shanghai_spring	7	微积分（选修）	函数	选修	微积分（选修）	数学运算;数学抽象	水平3	
2001	shanghai_spring	8	平面向量	几何与代数	必修	平面向量	数学运算;直观想象	水平1-2	
2001	shanghai_spring	9	计数原理	概率与统计	选择性必修	计数原理;概率	逻辑推理;数学运算;数据分析	水平2-3	
2001	shanghai_spring	10	统计	概率与统计	选择性必修	统计	数据分析;数学建模	水平2-3	
2001	shanghai_spring	11	函数概念与性质	函数	必修	函数概念与性质;常用逻辑用语;三角函数;复数	数学抽象;数学运算;逻辑推理;直观想象	水平1-2	
2001	shanghai_spring	12	数学建模与应用	数学建模活动	选修	数学建模与应用	数学建模;数据分析;数学运算	水平3	
2001	shanghai_spring	13	常用逻辑用语	函数	必修	常用逻辑用语	逻辑推理;数学抽象	水平1-2	
2001	shanghai_spring	14	常用逻辑用语	函数	必修	常用逻辑用语;直线与圆	逻辑推理;数学抽象;直观想象;数学运算	水平1-2	
2001	shanghai_spring	15	立体几何初步	几何与代数	必修	立体几何初步;集合;常用逻辑用语;直线与圆	直观想象;数学运算;数学抽象;逻辑推理	水平1-2	
2001	shanghai_spring	16	数列	函数	选择性必修	数列;计数原理	逻辑推理;数学运算	水平2-3	
2001	shanghai_spring	17	集合	函数	必修	集合;基本初等函数	数学抽象;数学运算	水平1-2	
2001	shanghai_spring	18	三角函数	函数	必修	三角函数	数学运算;直观想象	水平1-2	
2001	shanghai_spring	19	不等式与方程	函数	必修	不等式与方程;复数;立体几何初步	数学运算;逻辑推理;数学抽象;直观想象	水平1-2	
2001	shanghai_spring	20	立体几何初步	几何与代数	必修	立体几何初步;三角函数;复数;空间向量与立体几何;直线与圆	直观想象;数学运算;数学抽象	水平1-2	
2001	shanghai_spring	21	直线与圆	几何与代数	选择性必修	直线与圆;平面向量;复数;圆锥曲线	直观想象;数学运算;数学抽象	水平2-3	
2001	shanghai_spring	22	数列	函数	选择性必修	数列;常用逻辑用语;复数;计数原理	逻辑推理;数学运算;数学抽象	水平2-3	
2002	shanghai_liberal	1	复数	几何与代数	必修	复数	数学运算;数学抽象	水平1-2	
2002	shanghai_liberal	2	平面向量	几何与代数	必修	平面向量;空间向量与立体几何	数学运算;直观想象	水平1-2	
2002	shanghai_liberal	3	基本初等函数	函数	必修	基本初等函数	数学运算;数学抽象	水平1-2	
2002	shanghai_liberal	4	立体几何初步	几何与代数	必修	立体几何初步;空间向量与立体几何	直观想象;数学运算	水平1-2	
2002	shanghai_liberal	5	计数原理	概率与统计	选择性必修	计数原理;微积分（选修）;数列	逻辑推理;数学运算;数学抽象	水平2-3	
2002	shanghai_liberal	6	直线与圆	几何与代数	选择性必修	直线与圆;三角函数;导数;空间向量与立体几何	直观想象;数学运算;逻辑推理	水平2-3	
2002	shanghai_liberal	7	概率	概率与统计	选择性必修	概率	数据分析;数学运算;逻辑推理	水平2-3	
2002	shanghai_liberal	8	圆锥曲线	几何与代数	选择性必修	圆锥曲线;平面向量	直观想象;数学运算;逻辑推理	水平2-3	
2002	shanghai_liberal	9	数学建模与应用	数学建模活动	选修	数学建模与应用	数学建模;数据分析;数学运算	水平3	
2002	shanghai_liberal	10	函数概念与性质	函数	必修	函数概念与性质;三角函数	数学抽象;数学运算;直观想象	水平1-2	
2002	shanghai_liberal	11	数列	函数	选择性必修	数列;计数原理	逻辑推理;数学运算	水平2-3	
2002	shanghai_liberal	12	函数概念与性质	函数	必修	函数概念与性质;常用逻辑用语	数学抽象;数学运算;逻辑推理	水平1-2	
2002	shanghai_liberal	13	集合	函数	必修	集合;复数	数学抽象;数学运算	水平1-2	
2002	shanghai_liberal	14	常用逻辑用语	函数	必修	常用逻辑用语;复数;直线与圆	逻辑推理;数学抽象;数学运算;直观想象	水平1-2	
2002	shanghai_liberal	15	三角函数	函数	必修	三角函数	数学运算;直观想象	水平1-2	
2002	shanghai_liberal	16	未分类						无可匹配关键词
2002	shanghai_liberal	17	三角函数	函数	必修	三角函数;立体几何初步	数学运算;直观想象	水平1-2	
2002	shanghai_liberal	18	空间向量与立体几何	几何与代数	选择性必修	空间向量与立体几何;直线与圆	直观想象;数学运算	水平2-3	
2002	shanghai_liberal	19	不等式与方程	函数	必修	不等式与方程;函数概念与性质;导数;复数	数学运算;逻辑推理;数学抽象	水平1-2	
2002	shanghai_liberal	20	复数	几何与代数	必修	复数;计数原理;数学建模与应用	数学运算;数学抽象;逻辑推理;数学建模;数据分析	水平1-2	
2002	shanghai_liberal	21	基本初等函数	函数	必修	基本初等函数;数列;不等式与方程;函数概念与性质;复数;计数原理	数学运算;数学抽象;逻辑推理	水平1-2	
2002	shanghai_liberal	22	计数原理	概率与统计	选择性必修	计数原理;不等式与方程;复数	逻辑推理;数学运算;数学抽象	水平2-3	
2002	shanghai_science	1	复数	几何与代数	必修	复数	数学运算;数学抽象	水平1-2	
2002	shanghai_science	2	平面向量	几何与代数	必修	平面向量;三角函数;空间向量与立体几何	数学运算;直观想象	水平1-2	
2002	shanghai_science	3	基本初等函数	函数	必修	基本初等函数;函数概念与性质	数学运算;数学抽象	水平1-2	
2002	shanghai_science	4	立体几何初步	几何与代数	必修	立体几何初步;三角函数;空间向量与立体几何;直线与圆	直观想象;数学运算	水平1-2	
2002	shanghai_science	5	计数原理	概率与统计	选择性必修	计数原理;微积分（选修）;数列	逻辑推理;数学运算;数学抽象	水平2-3	
2002	shanghai_science	6	直线与圆	几何与代数	选择性必修	直线与圆;三角函数;空间向量与立体几何;导数	直观想象;数学运算	水平2-3	
2002	shanghai_science	7	计数原理	概率与统计	选择性必修	计数原理;概率	逻辑推理;数学运算;数据分析	水平2-3	
2002	shanghai_science	8	圆锥曲线	几何与代数	选择性必修	圆锥曲线;平面向量;参数方程与极坐标	直观想象;数学运算;逻辑推理	水平2-3	
2002	shanghai_science	9	三角函数	函数	必修	三角函数;平面向量;参数方程与极坐标	数学运算;直观想象	水平1-2	
2002	shanghai_science	10	三角函数	函数	必修	三角函数;函数概念与性质	数学运算;直观想象;数学抽象	水平1-2	
2002	shanghai_science	11	数列	函数	选择性必修	数列;计数原理	逻辑推理;数学运算	水平2-3	
2002	shanghai_science	12	函数概念与性质	函数	必修	函数概念与性质;常用逻辑用语	数学抽象;数学运算;逻辑推理	水平1-2	
2002	shanghai_science	13	集合	函数	必修	集合;复数;直线与圆	数学抽象;数学运算;直观想象	水平1-2	
2002	shanghai_science	14	立体几何初步	几何与代数	必修	立体几何初步;常用逻辑用语;复数;直线与圆	直观想象;数学运算;逻辑推理;数学抽象	水平1-2	
2002	shanghai_science	15	导数	函数	选择性必修	导数;三角函数;函数概念与性质	数学运算;逻辑推理;直观想象;数学抽象	水平2-3	
2002	shanghai_science	16	常用逻辑用语	函数	必修	常用逻辑用语;不等式与方程	逻辑推理;数学抽象;数学运算	水平1-2	
2002	shanghai_science	17	三角函数	函数	必修	三角函数;立体几何初步	数学运算;直观想象	水平1-2	
2002	shanghai_science	18	空间向量与立体几何	几何与代数	选择性必修	空间向量与立体几何;直线与圆	直观想象;数学运算	水平2-3	
2002	shanghai_science	19	三角函数	函数	必修	三角函数;不等式与方程;函数概念与性质;导数;复数	数学运算;直观想象;逻辑推理;数学抽象	水平1-2	
2002	shanghai_science	20	复数	几何与代数	必修	复数;计数原理;数学建模与应用	数学运算;数学抽象;逻辑推理;数学建模;数据分析	水平1-2	
2002	shanghai_science	21	基本初等函数	函数	必修	基本初等函数;不等式与方程;函数概念与性质;数列;复数	数学运算;数学抽象;逻辑推理	水平1-2	
2002	shanghai_science	22	计数原理	概率与统计	选择性必修	计数原理;复数	逻辑推理;数学运算;数学抽象	水平2-3	
2002	shanghai_spring	1	函数概念与性质	函数	必修	函数概念与性质	数学抽象;数学运算	水平1-2	
2002	shanghai_spring	2	圆锥曲线	几何与代数	选择性必修	圆锥曲线;平面向量;直线与圆	直观想象;数学运算;逻辑推理	水平2-3	
2002	shanghai_spring	3	不等式与方程	函数	必修	不等式与方程;集合;基本初等函数;函数概念与性质	数学运算;逻辑推理;数学抽象	水平1-2	
2002	shanghai_spring	4	函数概念与性质	函数	必修	函数概念与性质;基本初等函数	数学抽象;数学运算	水平1-2	
2002	shanghai_spring	5	计数原理	概率与统计	选择性必修	计数原理	逻辑推理;数学运算	水平2-3	
2002	shanghai_spring	6	三角函数	函数	必修	三角函数;函数概念与性质	数学运算;直观想象;数学抽象	水平1-2	
2002	shanghai_spring	7	概率	概率与统计	选择性必修	概率	数据分析;数学运算;逻辑推理	水平2-3	
2002	shanghai_spring	8	常用逻辑用语	函数	必修	常用逻辑用语;集合	逻辑推理;数学抽象;数学运算	水平1-2	
2002	shanghai_spring	9	三角函数	函数	必修	三角函数;不等式与方程;函数概念与性质	数学运算;直观想象;逻辑推理;数学抽象	水平1-2	
2002	shanghai_spring	10	立体几何初步	几何与代数	必修	立体几何初步	直观想象;数学运算	水平1-2	
2002	shanghai_spring	11	直线与圆	几何与代数	选择性必修	直线与圆	直观想象;数学运算	水平2-3	
2002	shanghai_spring	12	三角函数	函数	必修	三角函数	数学运算;直观想象	水平1-2	
2002	shanghai_spring	13	平面向量	几何与代数	必修	平面向量	数学运算;直观想象	水平1-2	
2002	shanghai_spring	14	三角函数	函数	必修	三角函数	数学运算;直观想象	水平1-2	
2002	shanghai_spring	15	函数概念与性质	函数	必修	函数概念与性质;基本初等函数	数学抽象;数学运算	水平1-2	
2002	shanghai_spring	16	数列	函数	选择性必修	数列;不等式与方程	逻辑推理;数学运算	水平2-3	
2002	shanghai_spring	17	复数	几何与代数	必修	复数	数学运算;数学抽象	水平1-2	
2002	shanghai_spring	18	圆锥曲线	几何与代数	选择性必修	圆锥曲线;立体几何初步;直线与圆	直观想象;数学运算;逻辑推理	水平2-3	
2002	shanghai_spring	19	立体几何初步	几何与代数	必修	立体几何初步;三角函数;复数;空间向量与立体几何;直线与圆	直观想象;数学运算;数学抽象	水平1-2	
2002	shanghai_spring	20	函数概念与性质	函数	必修	函数概念与性质;复数	数学抽象;数学运算	水平1-2	
2002	shanghai_spring	21	计数原理	概率与统计	选择性必修	计数原理;微积分（选修）;不等式与方程;复数;数学建模与应用	逻辑推理;数学运算;数学抽象	水平2-3	
2002	shanghai_spring	22	常用逻辑用语	函数	必修	常用逻辑用语;不等式与方程;函数概念与性质;平面向量;复数;直线与圆	逻辑推理;数学抽象;数学运算	水平1-2	
2003	shanghai_liberal	1	三角函数	函数	必修	三角函数;不等式与方程	数学运算;直观想象;逻辑推理	水平1-2	
2003	shanghai_liberal	2	三角函数	函数	必修	三角函数;基本初等函数	数学运算;直观想象;数学抽象	水平1-2	
2003	shanghai_liberal	3	数列	函数	选择性必修	数列	逻辑推理;数学运算	水平2-3	
2003	shanghai_liberal	4	平面向量	几何与代数	必修	平面向量;直线与圆	数学运算;直观想象	水平1-2	
2003	shanghai_liberal	5	立体几何初步	几何与代数	必修	立体几何初步;三角函数;空间向量与立体几何;直线与圆	直观想象;数学运算	水平1-2	
2003	shanghai_liberal	6	集合	函数	必修	集合	数学抽象;数学运算	水平1-2	
2003	shanghai_liberal	7	三角函数	函数	必修	三角函数	数学运算;直观想象	水平1-2	
2003	shanghai_liberal	8	数列	函数	选择性必修	数列	逻辑推理;数学运算	水平2-3	
2003	shanghai_liberal	9	集合	函数	必修	集合;概率	数学抽象;数学运算;数据分析;逻辑推理	水平1-2	
2003	shanghai_liberal	10	基本初等函数	函数	必修	基本初等函数	数学运算;数学抽象	水平1-2	
2003	shanghai_liberal	11	微积分（选修）	函数	选修	微积分（选修）;三角函数;直线与圆	数学运算;数学抽象;直观想象	水平3	
2003	shanghai_liberal	12	圆锥曲线	几何与代数	选择性必修	圆锥曲线;基本初等函数;空间向量与立体几何	直观想象;数学运算;逻辑推理;数学抽象	水平2-3	
2003	shanghai_liberal	13	三角函数	函数	必修	三角函数;函数概念与性质;导数	数学运算;直观想象;数学抽象;逻辑推理	水平1-2	
2003	shanghai_liberal	14	立体几何初步	几何与代数	必修	立体几何初步;常用逻辑用语;平面向量;空间向量与立体几何;直线与圆	直观想象;数学运算;逻辑推理;数学抽象	水平1-2	
2003	shanghai_liberal	15	函数概念与性质	函数	必修	函数概念与性质	数学抽象;数学运算	水平1-2	
2003	shanghai_liberal	16	函数概念与性质	函数	必修	函数概念与性质	数学抽象;数学运算	水平1-2	
2003	shanghai_liberal	17	三角函数	函数	必修	三角函数;不等式与方程;复数	数学运算;直观想象;逻辑推理;数学抽象	水平1-2	
2003	shanghai_liberal	18	立体几何初步	几何与代数	必修	立体几何初步;直线与圆	直观想象;数学运算	水平1-2	
2003	shanghai_liberal	19	函数概念与性质	函数	必修	函数概念与性质;基本初等函数;导数	数学抽象;数学运算;逻辑推理	水平1-2	
2003	shanghai_liberal	20	不等式与方程	函数	必修	不等式与方程;复数;立体几何初步;直线与圆;圆锥曲线	数学运算;逻辑推理;数学抽象;直观想象	水平1-2	
2003	shanghai_liberal	21	平面向量	几何与代数	必修	平面向量;直线与圆;常用逻辑用语;三角函数;复数;圆锥曲线	数学运算;直观想象;逻辑推理;数学抽象	水平1-2	
2003	shanghai_liberal	22	数列	函数	选择性必修	数列;计数原理;复数	逻辑推理;数学运算;数学抽象	水平2-3	
2003	shanghai_science	1	三角函数	函数	必修	三角函数;不等式与方程	数学运算;直观想象;逻辑推理	水平1-2	
2003	shanghai_science	2	三角函数	函数	必修	三角函数;基本初等函数	数学运算;直观想象;数学抽象	水平1-2	
2003	shanghai_science	3	数列	函数	选择性必修	数列	逻辑推理;数学运算	水平2-3	
2003	shanghai_science	4	参数方程与极坐标	几何与代数	选择性必修	参数方程与极坐标;三角函数;平面向量;直线与圆	数学运算;直观想象	水平2-3	
2003	shanghai_science	5	立体几何初步	几何与代数	必修	立体几何初步;三角函数;空间向量与立体几何;直线与圆	直观想象;数学运算	水平1-2	
2003	shanghai_science	6	集合	函数	必修	集合	数学抽象;数学运算	水平1-2	
2003	shanghai_science	7	三角函数	函数	必修	三角函数	数学运算;直观想象	水平1-2	
2003	shanghai_science	8	数列	函数	选择性必修	数列;计数原理	逻辑推理;数学运算	水平2-3	
2003	shanghai_science	9	集合	函数	必修	集合;概率	数学抽象;数学运算;数据分析;逻辑推理	水平1-2	
2003	shanghai_science	10	基本初等函数	函数	必修	基本初等函数	数学运算;数学抽象	水平1-2	
2003	shanghai_science	11	微积分（选修）	函数	选修	微积分（选修）;三角函数;直线与圆	数学运算;数学抽象;直观想象	水平3	
2003	shanghai_science	12	圆锥曲线	几何与代数	选择性必修	圆锥曲线;基本初等函数;空间向量与立体几何	直观想象;数学运算;逻辑推理;数学抽象	水平2-3	
2003	shanghai_science	13	三角函数	函数	必修	三角函数;函数概念与性质;导数	数学运算;直观想象;数学抽象;逻辑推理	水平1-2	
2003	shanghai_science	14	立体几何初步	几何与代数	必修	立体几何初步;常用逻辑用语;平面向量;空间向量与立体几何;直线与圆	直观想象;数学运算;逻辑推理;数学抽象	水平1-2	
2003	shanghai_science	15	常用逻辑用语	函数	必修	常用逻辑用语;不等式与方程;基本初等函数	逻辑推理;数学抽象;数学运算	水平1-2	
2003	shanghai_science	16	函数概念与性质	函数	必修	函数概念与性质	数学抽象;数学运算	水平1-2	
2003	shanghai_science	17	三角函数	函数	必修	三角函数;不等式与方程;复数	数学运算;直观想象;逻辑推理;数学抽象	水平1-2	
2003	shanghai_science	18	立体几何初步	几何与代数	必修	立体几何初步;直线与圆	直观想象;数学运算	水平1-2	
2003	shanghai_science	19	数列	函数	选择性必修	数列;复数;计数原理	逻辑推理;数学运算;数学抽象	水平2-3	
2003	shanghai_science	20	不等式与方程	函数	必修	不等式与方程;复数;立体几何初步;直线与圆;圆锥曲线	数学运算;逻辑推理;数学抽象;直观想象	水平1-2	
2003	shanghai_science	21	平面向量	几何与代数	必修	平面向量;直线与圆;常用逻辑用语;三角函数;复数;圆锥曲线	数学运算;直观想象;逻辑推理;数学抽象	水平1-2	
2003	shanghai_science	22	集合	函数	必修	集合;常用逻辑用语;三角函数;函数概念与性质;复数	数学抽象;数学运算;逻辑推理;直观想象	水平1-2	
2003	shanghai_spring	1	函数概念与性质	函数	必修	函数概念与性质	数学抽象;数学运算	水平1-2	
2003	shanghai_spring	2	空间向量与立体几何	几何与代数	选择性必修	空间向量与立体几何;直线与圆	直观想象;数学运算	水平2-3	
2003	shanghai_spring	3	三角函数	函数	必修	三角函数	数学运算;直观想象	水平1-2	
2003	shanghai_spring	4	平面向量	几何与代数	必修	平面向量;直线与圆;圆锥曲线	数学运算;直观想象;逻辑推理	水平1-2	
2003	shanghai_spring	5	集合	函数	必修	集合	数学抽象;数学运算	水平1-2	
2003	shanghai_spring	6	常用逻辑用语	函数	必修	常用逻辑用语;复数	逻辑推理;数学抽象;数学运算	水平1-2	
2003	shanghai_spring	7	直线与圆	几何与代数	选择性必修	直线与圆	直观想象;数学运算	水平2-3	
2003	shanghai_spring	8	不等式与方程	函数	必修	不等式与方程;三角函数;基本初等函数	数学运算;逻辑推理;直观想象;数学抽象	水平1-2	
2003	shanghai_spring	9	计数原理	概率与统计	选择性必修	计数原理	逻辑推理;数学运算	水平2-3	
2003	shanghai_spring	10	立体几何初步	几何与代数	必修	立体几何初步;三角函数;空间向量与立体几何	直观想象;数学运算	水平1-2	
2003	shanghai_spring	11	直线与圆	几何与代数	选择性必修	直线与圆	直观想象;数学运算	水平2-3	
2003	shanghai_spring	12	数列	函数	选择性必修	数列;函数概念与性质	逻辑推理;数学运算;数学抽象	水平2-3	
2003	shanghai_spring	13	常用逻辑用语	函数	必修	常用逻辑用语;直线与圆	逻辑推理;数学抽象;直观想象;数学运算	水平1-2	
2003	shanghai_spring	14	复数	几何与代数	必修	复数;三角函数	数学运算;数学抽象;直观想象	水平1-2	
2003	shanghai_spring	15	三角函数	函数	必修	三角函数	数学运算;直观想象	水平1-2	
2003	shanghai_spring	16	三角函数	函数	必修	三角函数;不等式与方程;函数概念与性质;复数	数学运算;直观想象;逻辑推理;数学抽象	水平1-2	
2003	shanghai_spring	17	不等式与方程	函数	必修	不等式与方程	数学运算;逻辑推理	水平1-2	
2003	shanghai_spring	18	三角函数	函数	必修	三角函数;函数概念与性质;平面向量;直线与圆	数学运算;直观想象;数学抽象	水平1-2	
2003	shanghai_spring	19	平面向量	几何与代数	必修	平面向量;复数;立体几何初步;空间向量与立体几何;直线与圆	数学运算;直观想象;数学抽象	水平1-2	
2003	shanghai_spring	20	函数概念与性质	函数	必修	函数概念与性质;导数;复数	数学抽象;数学运算;逻辑推理	水平1-2	
2003	shanghai_spring	21	直线与圆	几何与代数	选择性必修	直线与圆;圆锥曲线;常用逻辑用语;复数;空间向量与立体几何	直观想象;数学运算;逻辑推理;数学抽象	水平2-3	
2003	shanghai_spring	22	复数	几何与代数	必修	复数;计数原理;数学建模与应用	数学运算;数学抽象;逻辑推理;数学建模;数据分析	水平1-2	
2004	shanghai_liberal	1	三角函数	函数	必修	三角函数	数学运算;直观想象	水平1-2	
2004	shanghai_liberal	2	圆锥曲线	几何与代数	选择性必修	圆锥曲线;平面向量	直观想象;数学运算;逻辑推理	水平2-3	
2004	shanghai_liberal	3	集合	函数	必修	集合;基本初等函数	数学抽象;数学运算	水平1-2	
2004	shanghai_liberal	4	数列	函数	选择性必修	数列;微积分（选修）;计数原理	逻辑推理;数学运算;数学抽象	水平2-3	
2004	shanghai_liberal	5	函数概念与性质	函数	必修	函数概念与性质;不等式与方程;基本初等函数	数学抽象;数学运算;逻辑推理	水平1-2	
2004	shanghai_liberal	6	平面向量	几何与代数	必修	平面向量	数学运算;直观想象	水平1-2	
2004	shanghai_liberal	7	不等式与方程	函数	必修	不等式与方程;最优化	数学运算;逻辑推理;数学建模	水平1-2	
2004	shanghai_liberal	8	直线与圆	几何与代数	选择性必修	直线与圆	直观想象;数学运算	水平2-3	
2004	shanghai_liberal	9	计数原理	概率与统计	选择性必修	计数原理;概率	逻辑推理;数学运算;数据分析	水平2-3	
2004	shanghai_liberal	10	函数概念与性质	函数	必修	函数概念与性质	数学抽象;数学运算	水平1-2	
2004	shanghai_liberal	11	直线与圆	几何与代数	选择性必修	直线与圆;平面向量;圆锥曲线	直观想象;数学运算;逻辑推理	水平2-3	
2004	shanghai_liberal	12	数列	函数	选择性必修	数列;复数;计数原理	逻辑推理;数学运算;数学抽象	水平2-3	
2004	shanghai_liberal	13	集合	函数	必修	集合;常用逻辑用语;直线与圆	数学抽象;数学运算;逻辑推理;直观想象	水平1-2	
2004	shanghai_liberal	14	三角函数	函数	必修	三角函数;不等式与方程;基本初等函数	数学运算;直观想象;逻辑推理;数学抽象	水平1-2	
2004	shanghai_liberal	15	函数概念与性质	函数	必修	函数概念与性质;直线与圆	数学抽象;数学运算;直观想象	水平1-2	
2004	shanghai_liberal	16	未分类						无可匹配关键词
2004	shanghai_liberal	17	复数	几何与代数	必修	复数	数学运算;数学抽象	水平1-2	
2004	shanghai_liberal	18	未分类						无可匹配关键词
2004	shanghai_liberal	19	函数概念与性质	函数	必修	函数概念与性质;复数	数学抽象;数学运算	水平1-2	
2004	shanghai_liberal	20	不等式与方程	函数	必修	不等式与方程;三角函数;平面向量;复数;立体几何初步;直线与圆;圆锥曲线	数学运算;逻辑推理;直观想象	水平1-2	
2004	shanghai_liberal	21	立体几何初步	几何与代数	必修	立体几何初步;常用逻辑用语;三角函数;复数;空间向量与立体几何	直观想象;数学运算;逻辑推理;数学抽象	水平1-2	
2004	shanghai_liberal	22	数列	函数	选择性必修	数列;不等式与方程;平面向量;复数	逻辑推理;数学运算;直观想象	水平2-3	
2004	shanghai_science	1	三角函数	函数	必修	三角函数	数学运算;直观想象	水平1-2	
2004	shanghai_science	2	圆锥曲线	几何与代数	选择性必修	圆锥曲线;平面向量	直观想象;数学运算;逻辑推理	水平2-3	
2004	shanghai_science	3	集合	函数	必修	集合;基本初等函数	数学抽象;数学运算	水平1-2	
2004	shanghai_science	4	数列	函数	选择性必修	数列;微积分（选修）	逻辑推理;数学运算;数学抽象	水平2-3	
2004	shanghai_science	5	函数概念与性质	函数	必修	函数概念与性质;不等式与方程;基本初等函数	数学抽象;数学运算;逻辑推理	水平1-2	
2004	shanghai_science	6	平面向量	几何与代数	必修	平面向量	数学运算;直观想象	水平1-2	
2004	shanghai_science	7	参数方程与极坐标	几何与代数	选择性必修	参数方程与极坐标;三角函数;平面向量;空间向量与立体几何;直线与圆	数学运算;直观想象	水平2-3	
2004	shanghai_science	8	直线与圆	几何与代数	选择性必修	直线与圆	直观想象;数学运算	水平2-3	
2004	shanghai_science	9	计数原理	概率与统计	选择性必修	计数原理;概率	逻辑推理;数学运算;数据分析	水平2-3	
2004	shanghai_science	10	函数概念与性质	函数	必修	函数概念与性质	数学抽象;数学运算	水平1-2	
2004	shanghai_science	11	直线与圆	几何与代数	选择性必修	直线与圆;平面向量;圆锥曲线	直观想象;数学运算;逻辑推理	水平2-3	
2004	shanghai_science	12	数列	函数	选择性必修	数列;复数	逻辑推理;数学运算;数学抽象	水平2-3	
2004	shanghai_science	13	集合	函数	必修	集合;常用逻辑用语;直线与圆	数学抽象;数学运算;逻辑推理;直观想象	水平1-2	
2004	shanghai_science	14	三角函数	函数	必修	三角函数;不等式与方程;基本初等函数	数学运算;直观想象;逻辑推理;数学抽象	水平1-2	
2004	shanghai_science	15	函数概念与性质	函数	必修	函数概念与性质;平面向量	数学抽象;数学运算;直观想象	水平1-2	
2004	shanghai_science	16	未分类						无可匹配关键词
2004	shanghai_science	17	复数	几何与代数	必修	复数	数学运算;数学抽象	水平1-2	
2004	shanghai_science	18	未分类						无可匹配关键词
2004	shanghai_science	19	函数概念与性质	函数	必修	函数概念与性质;复数	数学抽象;数学运算	水平1-2	
2004	shanghai_science	20	函数概念与性质	函数	必修	函数概念与性质;复数;空间向量与立体几何;直线与圆	数学抽象;数学运算;直观想象	水平1-2	
2004	shanghai_science	21	立体几何初步	几何与代数	必修	立体几何初步;常用逻辑用语;三角函数;复数;空间向量与立体几何	直观想象;数学运算;逻辑推理;数学抽象	水平1-2	
2004	shanghai_science	22	常用逻辑用语	函数	必修	常用逻辑用语;数列;不等式与方程;平面向量;复数;直线与圆;圆锥曲线	逻辑推理;数学抽象;数学运算	水平1-2	
2004	shanghai_spring	1	复数	几何与代数	必修	复数	数学运算;数学抽象	水平1-2	
2004	shanghai_spring	2	基本初等函数	函数	必修	基本初等函数	数学运算;数学抽象	水平1-2	
2004	shanghai_spring	3	三角函数	函数	必修	三角函数	数学运算;直观想象	水平1-2	
2004	shanghai_spring	4	直线与圆	几何与代数	选择性必修	直线与圆;圆锥曲线;立体几何初步	直观想象;数学运算;逻辑推理	水平2-3	
2004	shanghai_spring	5	基本初等函数	函数	必修	基本初等函数;函数概念与性质	数学运算;数学抽象	水平1-2	
2004	shanghai_spring	6	三角函数	函数	必修	三角函数;立体几何初步	数学运算;直观想象	水平1-2	
2004	shanghai_spring	7	数列	函数	选择性必修	数列;微积分（选修）;直线与圆;计数原理	逻辑推理;数学运算;数学抽象;直观想象	水平2-3	
2004	shanghai_spring	8	数列	函数	选择性必修	数列	逻辑推理;数学运算	水平2-3	
2004	shanghai_spring	9	计数原理	概率与统计	选择性必修	计数原理;概率	逻辑推理;数学运算;数据分析	水平2-3	
2004	shanghai_spring	10	三角函数	函数	必修	三角函数;直线与圆;圆锥曲线	数学运算;直观想象;逻辑推理	水平1-2	
2004	shanghai_spring	11	计数原理	概率与统计	选择性必修	计数原理	逻辑推理;数学运算	水平2-3	
2004	shanghai_spring	12	数列	函数	选择性必修	数列	逻辑推理;数学运算	水平2-3	
2004	shanghai_spring	13	三角函数	函数	必修	三角函数;函数概念与性质	数学运算;直观想象;数学抽象	水平1-2	
2004	shanghai_spring	14	常用逻辑用语	函数	必修	常用逻辑用语;集合	逻辑推理;数学抽象;数学运算	水平1-2	
2004	shanghai_spring	15	常用逻辑用语	函数	必修	常用逻辑用语;三角函数;平面向量;复数	逻辑推理;数学抽象;数学运算;直观想象	水平1-2	
2004	shanghai_spring	16	不等式与方程	函数	必修	不等式与方程;三角函数	数学运算;逻辑推理;直观想象	水平1-2	
2004	shanghai_spring	17	平面向量	几何与代数	必修	平面向量;三角函数;立体几何初步	数学运算;直观想象	水平1-2	
2004	shanghai_spring	18	不等式与方程	函数	必修	不等式与方程	数学运算;逻辑推理	水平1-2	
2004	shanghai_spring	19	复数	几何与代数	必修	复数	数学运算;数学抽象	水平1-2	
2004	shanghai_spring	20	三角函数	函数	必修	三角函数;复数;立体几何初步;空间向量与立体几何;直线与圆	数学运算;直观想象;数学抽象	水平1-2	
2004	shanghai_spring	21	函数概念与性质	函数	必修	函数概念与性质;导数;复数	数学抽象;数学运算;逻辑推理	水平1-2	
2004	shanghai_spring	22	不等式与方程	函数	必修	不等式与方程;三角函数;平面向量;复数;空间向量与立体几何;直线与圆;圆锥曲线	数学运算;逻辑推理;直观想象	水平1-2	
2005	shanghai_liberal	1	函数概念与性质	函数	必修	函数概念与性质;基本初等函数	数学抽象;数学运算	水平1-2	
2005	shanghai_liberal	2	基本初等函数	函数	必修	基本初等函数	数学运算;数学抽象	水平1-2	
2005	shanghai_liberal	3	不等式与方程	函数	必修	不等式与方程;常用逻辑用语	数学运算;逻辑推理;数学抽象	水平1-2	
2005	shanghai_liberal	4	平面向量	几何与代数	必修	平面向量	数学运算;直观想象	水平1-2	
2005	shanghai_liberal	5	三角函数	函数	必修	三角函数;不等式与方程	数学运算;直观想象;逻辑推理	水平1-2	
2005	shanghai_liberal	6	三角函数	函数	必修	三角函数	数学运算;直观想象	水平1-2	
2005	shanghai_liberal	7	圆锥曲线	几何与代数	选择性必修	圆锥曲线;直线与圆	直观想象;数学运算;逻辑推理	水平2-3	
2005	shanghai_liberal	8	计数原理	概率与统计	选择性必修	计数原理;概率	逻辑推理;数学运算;数据分析	水平2-3	
2005	shanghai_liberal	9	直线与圆	几何与代数	选择性必修	直线与圆	直观想象;数学运算	水平2-3	
2005	shanghai_liberal	10	三角函数	函数	必修	三角函数	数学运算;直观想象	水平1-2	
2005	shanghai_liberal	11	三角函数	函数	必修	三角函数;函数概念与性质;直线与圆	数学运算;直观想象;数学抽象	水平1-2	
2005	shanghai_liberal	12	不等式与方程	函数	必修	不等式与方程;立体几何初步	数学运算;逻辑推理;直观想象	水平1-2	
2005	shanghai_liberal	13	不等式与方程	函数	必修	不等式与方程;函数概念与性质;导数	数学运算;逻辑推理;数学抽象	水平1-2	
2005	shanghai_liberal	14	集合	函数	必修	集合	数学抽象;数学运算	水平1-2	
2005	shanghai_liberal	15	常用逻辑用语	函数	必修	常用逻辑用语	逻辑推理;数学抽象	水平1-2	
2005	shanghai_liberal	16	计数原理	概率与统计	选择性必修	计数原理;数列	逻辑推理;数学运算	水平2-3	
2005	shanghai_liberal	17	立体几何初步	几何与代数	必修	立体几何初步;三角函数;直线与圆	直观想象;数学运算	水平1-2	
2005	shanghai_liberal	18	复数	几何与代数	必修	复数;基本初等函数	数学运算;数学抽象	水平1-2	
2005	shanghai_liberal	19	平面向量	几何与代数	必修	平面向量;不等式与方程;函数概念与性质;复数	数学运算;直观想象;逻辑推理;数学抽象	水平1-2	
2005	shanghai_liberal	20	复数	几何与代数	必修	复数	数学运算;数学抽象	水平1-2	
2005	shanghai_liberal	21	直线与圆	几何与代数	选择性必修	直线与圆;圆锥曲线;平面向量;复数;立体几何初步;空间向量与立体几何	直观想象;数学运算;逻辑推理	水平2-3	
2005	shanghai_liberal	22	三角函数	函数	必修	三角函数;不等式与方程;函数概念与性质;基本初等函数;复数	数学运算;直观想象;逻辑推理;数学抽象	水平1-2	
2005	shanghai_science	1	函数概念与性质	函数	必修	函数概念与性质;基本初等函数	数学抽象;数学运算	水平1-2	
2005	shanghai_science	2	基本初等函数	函数	必修	基本初等函数	数学运算;数学抽象	水平1-2	
2005	shanghai_science	3	平面向量	几何与代数	必修	平面向量	数学运算;直观想象	水平1-2	
2005	shanghai_science	4	计数原理	概率与统计	选择性必修	计数原理	逻辑推理;数学运算	水平2-3	
2005	shanghai_science	5	圆锥曲线	几何与代数	选择性必修	圆锥曲线	直观想象;数学运算;逻辑推理	水平2-3	
2005	shanghai_science	6	三角函数	函数	必修	三角函数;参数方程与极坐标	数学运算;直观想象	水平1-2	
2005	shanghai_science	7	微积分（选修）	函数	选修	微积分（选修）	数学运算;数学抽象	水平3	
2005	shanghai_science	8	计数原理	概率与统计	选择性必修	计数原理;概率	逻辑推理;数学运算;数据分析	水平2-3	
2005	shanghai_science	9	三角函数	函数	必修	三角函数	数学运算;直观想象	水平1-2	
2005	shanghai_science	10	三角函数	函数	必修	三角函数;函数概念与性质;直线与圆	数学运算;直观想象;数学抽象	水平1-2	
2005	shanghai_science	11	不等式与方程	函数	必修	不等式与方程;立体几何初步	数学运算;逻辑推理;直观想象	水平1-2	
2005	shanghai_science	12	计数原理	概率与统计	选择性必修	计数原理;数列	逻辑推理;数学运算	水平2-3	
2005	shanghai_science	13	不等式与方程	函数	必修	不等式与方程;函数概念与性质;导数	数学运算;逻辑推理;数学抽象	水平1-2	
2005	shanghai_science	14	集合	函数	必修	集合	数学抽象;数学运算	水平1-2	
2005	shanghai_science	15	圆锥曲线	几何与代数	选择性必修	圆锥曲线;常用逻辑用语;平面向量;直线与圆	直观想象;数学运算;逻辑推理;数学抽象	水平2-3	
2005	shanghai_science	16	常用逻辑用语	函数	必修	常用逻辑用语;函数概念与性质	逻辑推理;数学抽象;数学运算	水平1-2	
2005	shanghai_science	17	立体几何初步	几何与代数	必修	立体几何初步;三角函数;直线与圆	直观想象;数学运算	水平1-2	
2005	shanghai_science	18	复数	几何与代数	必修	复数	数学运算;数学抽象	水平1-2	
2005	shanghai_science	19	不等式与方程	函数	必修	不等式与方程;直线与圆;圆锥曲线;平面向量;复数;空间向量与立体几何	数学运算;逻辑推理;直观想象	水平1-2	
2005	shanghai_science	20	复数	几何与代数	必修	复数	数学运算;数学抽象	水平1-2	
2005	shanghai_science	21	函数概念与性质	函数	必修	函数概念与性质;三角函数;基本初等函数;复数	数学抽象;数学运算;直观想象	水平1-2	
2005	shanghai_science	22	平面向量	几何与代数	必修	平面向量;三角函数;基本初等函数;函数概念与性质;复数	数学运算;直观想象;数学抽象	水平1-2	
2005	shanghai_spring	1	不等式与方程	函数	必修	不等式与方程;基本初等函数	数学运算;逻辑推理;数学抽象	水平1-2	
2005	shanghai_spring	2	微积分（选修）	函数	选修	微积分（选修）	数学运算;数学抽象	水平3	
2005	shanghai_spring	3	三角函数	函数	必修	三角函数	数学运算;直观想象	水平1-2	
2005	shanghai_spring	4	函数概念与性质	函数	必修	函数概念与性质	数学抽象;数学运算	水平1-2	
2005	shanghai_spring	5	三角函数	函数	必修	三角函数;平面向量	数学运算;直观想象	水平1-2	
2005	shanghai_spring	6	概率	概率与统计	选择性必修	概率	数据分析;数学运算;逻辑推理	水平2-3	
2005	shanghai_spring	7	圆锥曲线	几何与代数	选择性必修	圆锥曲线	直观想象;数学运算;逻辑推理	水平2-3	
2005	shanghai_spring	8	未分类						无可匹配关键词
2005	shanghai_spring	9	数列	函数	选择性必修	数列;常用逻辑用语;复数;计数原理	逻辑推理;数学运算;数学抽象	水平2-3	
2005	shanghai_spring	10	集合	函数	必修	集合;三角函数	数学抽象;数学运算;直观想象	水平1-2	
2005	shanghai_spring	11	三角函数	函数	必修	三角函数;函数概念与性质	数学运算;直观想象;数学抽象	水平1-2	
2005	shanghai_spring	12	数列	函数	选择性必修	数列;不等式与方程;基本初等函数;函数概念与性质;计数原理	逻辑推理;数学运算;数学抽象	水平2-3	
2005	shanghai_spring	13	常用逻辑用语	函数	必修	常用逻辑用语;直线与圆	逻辑推理;数学抽象;直观想象;数学运算	水平1-2	
2005	shanghai_spring	14	三角函数	函数	必修	三角函数	数学运算;直观想象	水平1-2	
2005	shanghai_spring	15	常用逻辑用语	函数	必修	常用逻辑用语	逻辑推理;数学抽象	水平1-2	
2005	shanghai_spring	16	不等式与方程	函数	必修	不等式与方程;常用逻辑用语;函数概念与性质;复数	数学运算;逻辑推理;数学抽象	水平1-2	
2005	shanghai_spring	17	复数	几何与代数	必修	复数;三角函数	数学运算;数学抽象;直观想象	水平1-2	
2005	shanghai_spring	18	立体几何初步	几何与代数	必修	立体几何初步;空间向量与立体几何;复数	直观想象;数学运算;数学抽象	水平1-2	
2005	shanghai_spring	19	三角函数	函数	必修	三角函数;基本初等函数	数学运算;直观想象;数学抽象	水平1-2	
2005	shanghai_spring	20	复数	几何与代数	必修	复数	数学运算;数学抽象	水平1-2	
2005	shanghai_spring	21	函数概念与性质	函数	必修	函数概念与性质;不等式与方程;平面向量;复数;直线与圆	数学抽象;数学运算;逻辑推理;直观想象	水平1-2	
2005	shanghai_spring	22	直线与圆	几何与代数	选择性必修	直线与圆;圆锥曲线;平面向量;复数;立体几何初步	直观想象;数学运算;逻辑推理	水平2-3	
2006	shanghai_liberal	1	集合	函数	必修	集合	数学抽象;数学运算	水平1-2	
2006	shanghai_liberal	2	直线与圆	几何与代数	选择性必修	直线与圆	直观想象;数学运算	水平2-3	
2006	shanghai_liberal	3	函数概念与性质	函数	必修	函数概念与性质	数学抽象;数学运算	水平1-2	
2006	shanghai_liberal	4	微积分（选修）	函数	选修	微积分（选修）	数学运算;数学抽象	水平3	
2006	shanghai_liberal	5	复数	几何与代数	必修	复数	数学运算;数学抽象	水平1-2	
2006	shanghai_liberal	6	三角函数	函数	必修	三角函数;不等式与方程	数学运算;直观想象;逻辑推理	水平1-2	
2006	shanghai_liberal	7	圆锥曲线	几何与代数	选择性必修	圆锥曲线;平面向量	直观想象;数学运算;逻辑推理	水平2-3	
2006	shanghai_liberal	8	基本初等函数	函数	必修	基本初等函数	数学运算;数学抽象	水平1-2	
2006	shanghai_liberal	9	不等式与方程	函数	必修	不等式与方程	数学运算;逻辑推理	水平1-2	
2006	shanghai_liberal	10	概率	概率与统计	选择性必修	概率	数据分析;数学运算;逻辑推理	水平2-3	
2006	shanghai_liberal	11	直线与圆	几何与代数	选择性必修	直线与圆	直观想象;数学运算	水平2-3	
2006	shanghai_liberal	12	平面向量	几何与代数	必修	平面向量;空间向量与立体几何;直线与圆	数学运算;直观想象	水平1-2	
2006	shanghai_liberal	13	平面向量	几何与代数	必修	平面向量;立体几何初步	数学运算;直观想象	水平1-2	
2006	shanghai_liberal	14	不等式与方程	函数	必修	不等式与方程	数学运算;逻辑推理	水平1-2	
2006	shanghai_liberal	15	常用逻辑用语	函数	必修	常用逻辑用语;立体几何初步;直线与圆	逻辑推理;数学抽象;直观想象;数学运算	水平1-2	
2006	shanghai_liberal	16	立体几何初步	几何与代数	必修	立体几何初步;直线与圆	直观想象;数学运算	水平1-2	
2006	shanghai_liberal	17	三角函数	函数	必修	三角函数	数学运算;直观想象	水平1-2	
2006	shanghai_liberal	18	直线与圆	几何与代数	选择性必修	直线与圆	直观想象;数学运算	水平2-3	
2006	shanghai_liberal	19	立体几何初步	几何与代数	必修	立体几何初步;复数;直线与圆	直观想象;数学运算;数学抽象	水平1-2	
2006	shanghai_liberal	20	数列	函数	选择性必修	数列;基本初等函数;复数;计数原理	逻辑推理;数学运算;数学抽象	水平2-3	
2006	shanghai_liberal	21	不等式与方程	函数	必修	不等式与方程;直线与圆;圆锥曲线;三角函数;平面向量;复数	数学运算;逻辑推理;直观想象	水平1-2	
2006	shanghai_liberal	22	不等式与方程	函数	必修	不等式与方程;函数概念与性质;导数;复数	数学运算;逻辑推理;数学抽象	水平1-2	
2006	shanghai_science	1	集合	函数	必修	集合	数学抽象;数学运算	水平1-2	
2006	shanghai_science	2	直线与圆	几何与代数	选择性必修	直线与圆;空间向量与立体几何	直观想象;数学运算	水平2-3	
2006	shanghai_science	3	函数概念与性质	函数	必修	函数概念与性质	数学抽象;数学运算	水平1-2	
2006	shanghai_science	4	计数原理	概率与统计	选择性必修	计数原理;微积分（选修）	逻辑推理;数学运算;数学抽象	水平2-3	
2006	shanghai_science	5	复数	几何与代数	必修	复数	数学运算;数学抽象	水平1-2	
2006	shanghai_science	6	三角函数	函数	必修	三角函数	数学运算;直观想象	水平1-2	
2006	shanghai_science	7	圆锥曲线	几何与代数	选择性必修	圆锥曲线;直线与圆	直观想象;数学运算;逻辑推理	水平2-3	
2006	shanghai_science	8	参数方程与极坐标	几何与代数	选择性必修	参数方程与极坐标;三角函数;平面向量	数学运算;直观想象	水平2-3	
2006	shanghai_science	9	集合	函数	必修	集合;计数原理;概率	数学抽象;数学运算;逻辑推理;数据分析	水平1-2	
2006	shanghai_science	10	立体几何初步	几何与代数	必修	立体几何初步;直线与圆	直观想象;数学运算	水平1-2	
2006	shanghai_science	11	常用逻辑用语	函数	必修	常用逻辑用语;直线与圆	逻辑推理;数学抽象;直观想象;数学运算	水平1-2	
2006	shanghai_science	12	不等式与方程	函数	必修	不等式与方程;函数概念与性质;基本初等函数	数学运算;逻辑推理;数学抽象	水平1-2	
2006	shanghai_science	13	平面向量	几何与代数	必修	平面向量;立体几何初步	数学运算;直观想象	水平1-2	
2006	shanghai_science	14	常用逻辑用语	函数	必修	常用逻辑用语;直线与圆	逻辑推理;数学抽象;直观想象;数学运算	水平1-2	
2006	shanghai_science	15	不等式与方程	函数	必修	不等式与方程;集合;基本初等函数	数学运算;逻辑推理;数学抽象	水平1-2	
2006	shanghai_science	16	常用逻辑用语	函数	必修	常用逻辑用语;平面向量;复数;空间向量与立体几何;直线与圆	逻辑推理;数学抽象;数学运算;直观想象	水平1-2	
2006	shanghai_science	17	三角函数	函数	必修	三角函数;不等式与方程;函数概念与性质	数学运算;直观想象;逻辑推理;数学抽象	水平1-2	
2006	shanghai_science	18	直线与圆	几何与代数	选择性必修	直线与圆	直观想象;数学运算	水平2-3	
2006	shanghai_science	19	立体几何初步	几何与代数	必修	立体几何初步;三角函数;复数;直线与圆	直观想象;数学运算;数学抽象	水平1-2	
2006	shanghai_science	20	常用逻辑用语	函数	必修	常用逻辑用语;平面向量;复数;直线与圆;圆锥曲线	逻辑推理;数学抽象;数学运算;直观想象	水平1-2	
2006	shanghai_science	21	数列	函数	选择性必修	数列;不等式与方程;基本初等函数;复数;计数原理	逻辑推理;数学运算;数学抽象	水平2-3	
2006	shanghai_science	22	不等式与方程	函数	必修	不等式与方程;函数概念与性质;导数;复数	数学运算;逻辑推理;数学抽象	水平1-2	
2006	shanghai_spring	1	微积分（选修）	函数	选修	微积分（选修）	数学运算;数学抽象	水平3	
2006	shanghai_spring	2	基本初等函数	函数	必修	基本初等函数	数学运算;数学抽象	水平1-2	
2006	shanghai_spring	3	函数概念与性质	函数	必修	函数概念与性质	数学抽象;数学运算	水平1-2	
2006	shanghai_spring	4	不等式与方程	函数	必修	不等式与方程;基本初等函数	数学运算;逻辑推理;数学抽象	水平1-2	
2006	shanghai_spring	5	直线与圆	几何与代数	选择性必修	直线与圆	直观想象;数学运算	水平2-3	
2006	shanghai_spring	6	函数概念与性质	函数	必修	函数概念与性质	数学抽象;数学运算	水平1-2	
2006	shanghai_spring	7	计数原理	概率与统计	选择性必修	计数原理	逻辑推理;数学运算	水平2-3	
2006	shanghai_spring	8	立体几何初步	几何与代数	必修	立体几何初步	直观想象;数学运算	水平1-2	
2006	shanghai_spring	9	三角函数	函数	必修	三角函数	数学运算;直观想象	水平1-2	
2006	shanghai_spring	10	平面向量	几何与代数	必修	平面向量;空间向量与立体几何	数学运算;直观想象	水平1-2	
2006	shanghai_spring	11	不等式与方程	函数	必修	不等式与方程;平面向量;直线与圆	数学运算;逻辑推理;直观想象	水平1-2	
2006	shanghai_spring	12	数列	函数	选择性必修	数列;计数原理	逻辑推理;数学运算	水平2-3	
2006	shanghai_spring	13	圆锥曲线	几何与代数	选择性必修	圆锥曲线;平面向量	直观想象;数学运算;逻辑推理	水平2-3	
2006	shanghai_spring	14	不等式与方程	函数	必修	不等式与方程	数学运算;逻辑推理	水平1-2	
2006	shanghai_spring	15	常用逻辑用语	函数	必修	常用逻辑用语;圆锥曲线	逻辑推理;数学抽象;直观想象;数学运算	水平1-2	
2006	shanghai_spring	16	集合	函数	必修	集合	数学抽象;数学运算	水平1-2	
2006	shanghai_spring	17	立体几何初步	几何与代数	必修	立体几何初步;三角函数;直线与圆	直观想象;数学运算	水平1-2	
2006	shanghai_spring	18	复数	几何与代数	必修	复数;不等式与方程;计数原理	数学运算;数学抽象;逻辑推理	水平1-2	
2006	shanghai_spring	19	三角函数	函数	必修	三角函数;函数概念与性质;复数	数学运算;直观想象;数学抽象	水平1-2	
2006	shanghai_spring	20	圆锥曲线	几何与代数	选择性必修	圆锥曲线;函数概念与性质;复数;空间向量与立体几何;直线与圆;计数原理	直观想象;数学运算;逻辑推理;数学抽象	水平2-3	
2006	shanghai_spring	21	集合	函数	必修	集合;函数概念与性质;复数	数学抽象;数学运算	水平1-2	
2006	shanghai_spring	22	数列	函数	选择性必修	数列;复数	逻辑推理;数学运算;数学抽象	水平2-3	
2007	shanghai_liberal	1	基本初等函数	函数	必修	基本初等函数	数学运算;数学抽象	水平1-2	
2007	shanghai_liberal	2	函数概念与性质	函数	必修	函数概念与性质	数学抽象;数学运算	水平1-2	
2007	shanghai_liberal	3	直线与圆	几何与代数	选择性必修	直线与圆	直观想象;数学运算	水平2-3	
2007	shanghai_liberal	4	三角函数	函数	必修	三角函数;不等式与方程	数学运算;直观想象;逻辑推理	水平1-2	
2007	shanghai_liberal	5	圆锥曲线	几何与代数	选择性必修	圆锥曲线	直观想象;数学运算;逻辑推理	水平2-3	
2007	shanghai_liberal	6	平面向量	几何与代数	必修	平面向量;空间向量与立体几何	数学运算;直观想象	水平1-2	
2007	shanghai_liberal	7	立体几何初步	几何与代数	必修	立体几何初步;三角函数;直线与圆	直观想象;数学运算	水平1-2	
2007	shanghai_liberal	8	数学建模与应用	数学建模活动	选修	数学建模与应用;不等式与方程	数学建模;数据分析;数学运算;逻辑推理	水平3	
2007	shanghai_liberal	9	概率	概率与统计	选择性必修	概率	数据分析;数学运算;逻辑推理	水平2-3	
2007	shanghai_liberal	10	复数	几何与代数	必修	复数;常用逻辑用语	数学运算;数学抽象;逻辑推理	水平1-2	
2007	shanghai_liberal	11	直线与圆	几何与代数	选择性必修	直线与圆	直观想象;数学运算	水平2-3	
2007	shanghai_liberal	12	复数	几何与代数	必修	复数;不等式与方程;计数原理	数学运算;数学抽象;逻辑推理	水平1-2	
2007	shanghai_liberal	13	直线与圆	几何与代数	选择性必修	直线与圆	直观想象;数学运算	水平2-3	
2007	shanghai_liberal	14	常用逻辑用语	函数	必修	常用逻辑用语;数列;微积分（选修）	逻辑推理;数学抽象;数学运算	水平1-2	
2007	shanghai_liberal	15	常用逻辑用语	函数	必修	常用逻辑用语;函数概念与性质	逻辑推理;数学抽象;数学运算	水平1-2	
2007	shanghai_liberal	16	立体几何初步	几何与代数	必修	立体几何初步;直线与圆	直观想象;数学运算	水平1-2	
2007	shanghai_liberal	17	三角函数	函数	必修	三角函数	数学运算;直观想象	水平1-2	
2007	shanghai_liberal	18	常用逻辑用语	函数	必修	常用逻辑用语;复数;数学建模与应用	逻辑推理;数学抽象;数学运算;数学建模;数据分析	水平1-2	
2007	shanghai_liberal	19	函数概念与性质	函数	必修	函数概念与性质;不等式与方程;复数	数学抽象;数学运算;逻辑推理	水平1-2	
2007	shanghai_liberal	20	数列	函数	选择性必修	数列;常用逻辑用语;复数	逻辑推理;数学运算;数学抽象	水平2-3	
2007	shanghai_liberal	21	不等式与方程	函数	必修	不等式与方程;圆锥曲线;三角函数;平面向量;复数;直线与圆	数学运算;逻辑推理;直观想象	水平1-2	
2007	shanghai_science	1	函数概念与性质	函数	必修	函数概念与性质	数学抽象;数学运算	水平1-2	
2007	shanghai_science	2	立体几何初步	几何与代数	必修	立体几何初步;直线与圆	直观想象;数学运算	水平1-2	
2007	shanghai_science	3	函数概念与性质	函数	必修	函数概念与性质	数学抽象;数学运算	水平1-2	
2007	shanghai_science	4	基本初等函数	函数	必修	基本初等函数	数学运算;数学抽象	水平1-2	
2007	shanghai_science	5	不等式与方程	函数	必修	不等式与方程	数学运算;逻辑推理	水平1-2	
2007	shanghai_science	6	三角函数	函数	必修	三角函数;不等式与方程	数学运算;直观想象;逻辑推理	水平1-2	
2007	shanghai_science	7	概率	概率与统计	选择性必修	概率	数据分析;数学运算;逻辑推理	水平2-3	
2007	shanghai_science	8	圆锥曲线	几何与代数	选择性必修	圆锥曲线	直观想象;数学运算;逻辑推理	水平2-3	
2007	shanghai_science	9	复数	几何与代数	必修	复数;常用逻辑用语	数学运算;数学抽象;逻辑推理	水平1-2	
2007	shanghai_science	10	常用逻辑用语	函数	必修	常用逻辑用语;立体几何初步;直线与圆	逻辑推理;数学抽象;直观想象;数学运算	水平1-2	
2007	shanghai_science	11	直线与圆	几何与代数	选择性必修	直线与圆;平面向量	直观想象;数学运算	水平2-3	
2007	shanghai_science	12	复数	几何与代数	必修	复数;不等式与方程;计数原理	数学运算;数学抽象;逻辑推理	水平1-2	
2007	shanghai_science	13	不等式与方程	函数	必修	不等式与方程	数学运算;逻辑推理	水平1-2	
2007	shanghai_science	14	平面向量	几何与代数	必修	平面向量	数学运算;直观想象	水平1-2	
2007	shanghai_science	15	常用逻辑用语	函数	必修	常用逻辑用语;函数概念与性质	逻辑推理;数学抽象;数学运算	水平1-2	
2007	shanghai_science	16	立体几何初步	几何与代数	必修	立体几何初步;三角函数;直线与圆	直观想象;数学运算	水平1-2	
2007	shanghai_science	17	三角函数	函数	必修	三角函数	数学运算;直观想象	水平1-2	
2007	shanghai_science	18	常用逻辑用语	函数	必修	常用逻辑用语;复数;数学建模与应用	逻辑推理;数学抽象;数学运算;数学建模;数据分析	水平1-2	
2007	shanghai_science	19	函数概念与性质	函数	必修	函数概念与性质;复数	数学抽象;数学运算	水平1-2	
2007	shanghai_science	20	数列	函数	选择性必修	数列;计数原理;不等式与方程;常用逻辑用语;复数	逻辑推理;数学运算	水平2-3	
2007	shanghai_science	21	直线与圆	几何与代数	选择性必修	直线与圆;圆锥曲线;常用逻辑用语;三角函数;复数;立体几何初步	直观想象;数学运算;逻辑推理;数学抽象	水平2-3	
2007	shanghai_spring	1	微积分（选修）	函数	选修	微积分（选修）	数学运算;数学抽象	水平3	
2007	shanghai_spring	2	复数	几何与代数	必修	复数;不等式与方程;计数原理	数学运算;数学抽象;逻辑推理	水平1-2	
2007	shanghai_spring	3	不等式与方程	函数	必修	不等式与方程;基本初等函数	数学运算;逻辑推理;数学抽象	水平1-2	
2007	shanghai_spring	4	三角函数	函数	必修	三角函数;不等式与方程	数学运算;直观想象;逻辑推理	水平1-2	
2007	shanghai_spring	5	函数概念与性质	函数	必修	函数概念与性质	数学抽象;数学运算	水平1-2	
2007	shanghai_spring	6	圆锥曲线	几何与代数	选择性必修	圆锥曲线;平面向量;空间向量与立体几何	直观想象;数学运算;逻辑推理	水平2-3	
2007	shanghai_spring	7	平面向量	几何与代数	必修	平面向量;直线与圆	数学运算;直观想象	水平1-2	
2007	shanghai_spring	8	平面向量	几何与代数	必修	平面向量;空间向量与立体几何	数学运算;直观想象	水平1-2	
2007	shanghai_spring	9	未分类						无可匹配关键词
2007	shanghai_spring	10	概率	概率与统计	选择性必修	概率	数据分析;数学运算;逻辑推理	水平2-3	
2007	shanghai_spring	11	函数概念与性质	函数	必修	函数概念与性质	数学抽象;数学运算	水平1-2	
2007	shanghai_spring	12	常用逻辑用语	函数	必修	常用逻辑用语;集合	逻辑推理;数学抽象;数学运算	水平1-2	
2007	shanghai_spring	13	平面向量	几何与代数	必修	平面向量;直线与圆	数学运算;直观想象	水平1-2	
2007	shanghai_spring	14	函数概念与性质	函数	必修	函数概念与性质(兜底)	数学抽象;数学运算	水平1-2	仅命中'函数'兜底
2007	shanghai_spring	15	不等式与方程	函数	必修	不等式与方程;复数	数学运算;逻辑推理;数学抽象	水平1-2	
2007	shanghai_spring	16	立体几何初步	几何与代数	必修	立体几何初步;三角函数;直线与圆	直观想象;数学运算	水平1-2	
2007	shanghai_spring	17	不等式与方程	函数	必修	不等式与方程;立体几何初步;常用逻辑用语;平面向量;空间向量与立体几何;直线与圆	数学运算;逻辑推理;直观想象;数学抽象	水平1-2	
2007	shanghai_spring	18	直线与圆	几何与代数	选择性必修	直线与圆;圆锥曲线;三角函数;平面向量;复数;立体几何初步	直观想象;数学运算;逻辑推理	水平2-3	
2007	shanghai_spring	19	三角函数	函数	必修	三角函数;复数	数学运算;直观想象;数学抽象	水平1-2	
2007	shanghai_spring	20	直线与圆	几何与代数	选择性必修	直线与圆;常用逻辑用语;三角函数;复数	直观想象;数学运算;逻辑推理;数学抽象	水平2-3	
2007	shanghai_spring	21	数列	函数	选择性必修	数列;复数;计数原理	逻辑推理;数学运算;数学抽象	水平2-3	
2008	shanghai_liberal	1	不等式与方程	函数	必修	不等式与方程;基本初等函数	数学运算;逻辑推理;数学抽象	水平1-2	
2008	shanghai_liberal	2	集合	函数	必修	集合	数学抽象;数学运算	水平1-2	
2008	shanghai_liberal	3	复数	几何与代数	必修	复数	数学运算;数学抽象	水平1-2	
2008	shanghai_liberal	4	函数概念与性质	函数	必修	函数概念与性质;基本初等函数	数学抽象;数学运算	水平1-2	
2008	shanghai_liberal	5	平面向量	几何与代数	必修	平面向量;空间向量与立体几何	数学运算;直观想象	水平1-2	
2008	shanghai_liberal	6	圆锥曲线	几何与代数	选择性必修	圆锥曲线;直线与圆	直观想象;数学运算;逻辑推理	水平2-3	
2008	shanghai_liberal	7	复数	几何与代数	必修	复数;计数原理	数学运算;数学抽象;逻辑推理	水平1-2	
2008	shanghai_liberal	8	平面向量	几何与代数	必修	平面向量;概率	数学运算;直观想象;数据分析;逻辑推理	水平1-2	
2008	shanghai_liberal	9	函数概念与性质	函数	必修	函数概念与性质;基本初等函数	数学抽象;数学运算	水平1-2	
2008	shanghai_liberal	10	不等式与方程	函数	必修	不等式与方程;概率;统计	数学运算;逻辑推理;数据分析;数学建模	水平1-2	
2008	shanghai_liberal	11	不等式与方程	函数	必修	不等式与方程;三角函数;平面向量	数学运算;逻辑推理;直观想象	水平1-2	
2008	shanghai_liberal	12	圆锥曲线	几何与代数	选择性必修	圆锥曲线;直线与圆	直观想象;数学运算;逻辑推理	水平2-3	
2008	shanghai_liberal	13	常用逻辑用语	函数	必修	常用逻辑用语;立体几何初步;直线与圆	逻辑推理;数学抽象;直观想象;数学运算	水平1-2	
2008	shanghai_liberal	14	数列	函数	选择性必修	数列	逻辑推理;数学运算	水平2-3	
2008	shanghai_liberal	15	集合	函数	必修	集合;常用逻辑用语;平面向量;直线与圆	数学抽象;数学运算;逻辑推理;直观想象	水平1-2	
2008	shanghai_liberal	16	三角函数	函数	必修	三角函数;立体几何初步;直线与圆	数学运算;直观想象	水平1-2	
2008	shanghai_liberal	17	直线与圆	几何与代数	选择性必修	直线与圆	直观想象;数学运算	水平2-3	
2008	shanghai_liberal	18	三角函数	函数	必修	三角函数;不等式与方程;函数概念与性质;复数;直线与圆	数学运算;直观想象;逻辑推理;数学抽象	水平1-2	
2008	shanghai_liberal	19	不等式与方程	函数	必修	不等式与方程;函数概念与性质;复数	数学运算;逻辑推理;数学抽象	水平1-2	
2008	shanghai_liberal	20	三角函数	函数	必修	三角函数;平面向量;直线与圆;圆锥曲线;复数	数学运算;直观想象	水平1-2	
2008	shanghai_liberal	21	常用逻辑用语	函数	必修	常用逻辑用语;数列;复数	逻辑推理;数学抽象;数学运算	水平1-2	
2008	shanghai_science	1	不等式与方程	函数	必修	不等式与方程;基本初等函数	数学运算;逻辑推理;数学抽象	水平1-2	
2008	shanghai_science	2	集合	函数	必修	集合	数学抽象;数学运算	水平1-2	
2008	shanghai_science	3	复数	几何与代数	必修	复数	数学运算;数学抽象	水平1-2	
2008	shanghai_science	4	函数概念与性质	函数	必修	函数概念与性质	数学抽象;数学运算	水平1-2	
2008	shanghai_science	5	平面向量	几何与代数	必修	平面向量;空间向量与立体几何	数学运算;直观想象	水平1-2	
2008	shanghai_science	6	三角函数	函数	必修	三角函数;不等式与方程;函数概念与性质	数学运算;直观想象;逻辑推理;数学抽象	水平1-2	
2008	shanghai_science	7	平面向量	几何与代数	必修	平面向量;概率	数学运算;直观想象;数据分析;逻辑推理	水平1-2	
2008	shanghai_science	8	函数概念与性质	函数	必修	函数概念与性质	数学抽象;数学运算	水平1-2	
2008	shanghai_science	9	不等式与方程	函数	必修	不等式与方程;概率;统计	数学运算;逻辑推理;数据分析;数学建模	水平1-2	
2008	shanghai_science	10	圆锥曲线	几何与代数	选择性必修	圆锥曲线;常用逻辑用语;平面向量;直线与圆	直观想象;数学运算;逻辑推理;数学抽象	水平2-3	
2008	shanghai_science	11	基本初等函数	函数	必修	基本初等函数;平面向量;直线与圆	数学运算;数学抽象;直观想象	水平1-2	
2008	shanghai_science	12	计数原理	概率与统计	选择性必修	计数原理	逻辑推理;数学运算	水平2-3	
2008	shanghai_science	13	常用逻辑用语	函数	必修	常用逻辑用语;立体几何初步;直线与圆	逻辑推理;数学抽象;直观想象;数学运算	水平1-2	
2008	shanghai_science	14	数列	函数	选择性必修	数列	逻辑推理;数学运算	水平2-3	
2008	shanghai_science	15	集合	函数	必修	集合;常用逻辑用语;平面向量;直线与圆	数学抽象;数学运算;逻辑推理;直观想象	水平1-2	
2008	shanghai_science	16	三角函数	函数	必修	三角函数;立体几何初步;直线与圆	数学运算;直观想象	水平1-2	
2008	shanghai_science	17	直线与圆	几何与代数	选择性必修	直线与圆;立体几何初步	直观想象;数学运算	水平2-3	
2008	shanghai_science	18	三角函数	函数	必修	三角函数;不等式与方程;函数概念与性质;复数;直线与圆	数学运算;直观想象;逻辑推理;数学抽象	水平1-2	
2008	shanghai_science	19	不等式与方程	函数	必修	不等式与方程;函数概念与性质;复数	数学运算;逻辑推理;数学抽象	水平1-2	
2008	shanghai_science	20	圆锥曲线	几何与代数	选择性必修	圆锥曲线;直线与圆;平面向量;复数	直观想象;数学运算;逻辑推理	水平2-3	
2008	shanghai_science	21	数列	函数	选择性必修	数列;复数	逻辑推理;数学运算;数学抽象	水平2-3	
2008	shanghai_spring	1	集合	函数	必修	集合	数学抽象;数学运算	水平1-2	
2008	shanghai_spring	2	微积分（选修）	函数	选修	微积分（选修）	数学运算;数学抽象	水平3	
2008	shanghai_spring	3	函数概念与性质	函数	必修	函数概念与性质	数学抽象;数学运算	水平1-2	
2008	shanghai_spring	4	三角函数	函数	必修	三角函数;基本初等函数	数学运算;直观想象;数学抽象	水平1-2	
2008	shanghai_spring	5	数列	函数	选择性必修	数列;计数原理	逻辑推理;数学运算	水平2-3	
2008	shanghai_spring	6	三角函数	函数	必修	三角函数	数学运算;直观想象	水平1-2	
2008	shanghai_spring	7	圆锥曲线	几何与代数	选择性必修	圆锥曲线	直观想象;数学运算;逻辑推理	水平2-3	
2008	shanghai_spring	8	立体几何初步	几何与代数	必修	立体几何初步	直观想象;数学运算	水平1-2	
2008	shanghai_spring	9	数列	函数	选择性必修	数列;计数原理	逻辑推理;数学运算	水平2-3	
2008	shanghai_spring	10	计数原理	概率与统计	选择性必修	计数原理;概率	逻辑推理;数学运算;数据分析	水平2-3	
2008	shanghai_spring	11	数列	函数	选择性必修	数列;计数原理	逻辑推理;数学运算	水平2-3	
2008	shanghai_spring	12	不等式与方程	函数	必修	不等式与方程;三角函数;空间向量与立体几何;直线与圆	数学运算;逻辑推理;直观想象	水平1-2	
2008	shanghai_spring	13	平面向量	几何与代数	必修	平面向量	数学运算;直观想象	水平1-2	
2008	shanghai_spring	14	圆锥曲线	几何与代数	选择性必修	圆锥曲线;直线与圆	直观想象;数学运算;逻辑推理	水平2-3	
2008	shanghai_spring	15	常用逻辑用语	函数	必修	常用逻辑用语;函数概念与性质	逻辑推理;数学抽象;数学运算	水平1-2	
2008	shanghai_spring	16	复数	几何与代数	必修	复数;不等式与方程	数学运算;数学抽象;逻辑推理	水平1-2	
2008	shanghai_spring	17	三角函数	函数	必修	三角函数	数学运算;直观想象	水平1-2	
2008	shanghai_spring	18	圆锥曲线	几何与代数	选择性必修	圆锥曲线;平面向量;空间向量与立体几何;直线与圆	直观想象;数学运算;逻辑推理	水平2-3	
2008	shanghai_spring	19	函数概念与性质	函数	必修	函数概念与性质;基本初等函数;导数;复数	数学抽象;数学运算;逻辑推理	水平1-2	
2008	shanghai_spring	20	复数	几何与代数	必修	复数;立体几何初步	数学运算;数学抽象;直观想象	水平1-2	
2008	shanghai_spring	21	平面向量	几何与代数	必修	平面向量;数列;三角函数;复数;计数原理	数学运算;直观想象;逻辑推理	水平1-2	
2008	shanghai_spring	22	复数	几何与代数	必修	复数;直线与圆;常用逻辑用语;平面向量;立体几何初步;计数原理	数学运算;数学抽象;直观想象;逻辑推理	水平1-2	
2009	shanghai_liberal	1	函数概念与性质	函数	必修	函数概念与性质	数学抽象;数学运算	水平1-2	
2009	shanghai_liberal	2	集合	函数	必修	集合	数学抽象;数学运算	水平1-2	
2009	shanghai_liberal	3	集合	函数	必修	集合;常用逻辑用语;矩阵与变换	数学抽象;数学运算;逻辑推理	水平1-2	
2009	shanghai_liberal	4	算法与程序框图	函数	必修	算法与程序框图	数学运算;数学抽象	水平1-2	
2009	shanghai_liberal	5	立体几何初步	几何与代数	必修	立体几何初步;三角函数;直线与圆	直观想象;数学运算	水平1-2	
2009	shanghai_liberal	6	立体几何初步	几何与代数	必修	立体几何初步;直线与圆	直观想象;数学运算	水平1-2	
2009	shanghai_liberal	7	不等式与方程	函数	必修	不等式与方程;最优化	数学运算;逻辑推理;数学建模	水平1-2	
2009	shanghai_liberal	8	立体几何初步	几何与代数	必修	立体几何初步;直线与圆	直观想象;数学运算	水平1-2	
2009	shanghai_liberal	9	直线与圆	几何与代数	选择性必修	直线与圆;圆锥曲线	直观想象;数学运算;逻辑推理	水平2-3	
2009	shanghai_liberal	10	三角函数	函数	必修	三角函数;不等式与方程	数学运算;直观想象;逻辑推理	水平1-2	
2009	shanghai_liberal	11	概率	概率与统计	选择性必修	概率	数据分析;数学运算;逻辑推理	水平2-3	
2009	shanghai_liberal	12	圆锥曲线	几何与代数	选择性必修	圆锥曲线;三角函数;平面向量;直线与圆	直观想象;数学运算;逻辑推理	水平2-3	
2009	shanghai_liberal	13	数列	函数	选择性必修	数列;三角函数;函数概念与性质;计数原理	逻辑推理;数学运算;直观想象;数学抽象	水平2-3	
2009	shanghai_liberal	14	平面向量	几何与代数	必修	平面向量;立体几何初步	数学运算;直观想象	水平1-2	
2009	shanghai_liberal	15	立体几何初步	几何与代数	必修	立体几何初步;直线与圆	直观想象;数学运算	水平1-2	
2009	shanghai_liberal	16	立体几何初步	几何与代数	必修	立体几何初步	直观想象;数学运算	水平1-2	
2009	shanghai_liberal	17	直线与圆	几何与代数	选择性必修	直线与圆	直观想象;数学运算	水平2-3	
2009	shanghai_liberal	18	统计	概率与统计	选择性必修	统计;概率	数据分析;数学建模;数学运算;逻辑推理	水平2-3	
2009	shanghai_liberal	19	复数	几何与代数	必修	复数;基本初等函数	数学运算;数学抽象	水平1-2	
2009	shanghai_liberal	20	三角函数	函数	必修	三角函数;平面向量;复数	数学运算;直观想象;数学抽象	水平1-2	
2009	shanghai_liberal	21	基本初等函数	函数	必修	基本初等函数;函数概念与性质;复数	数学运算;数学抽象	水平1-2	
2009	shanghai_liberal	22	圆锥曲线	几何与代数	选择性必修	圆锥曲线;平面向量;常用逻辑用语;复数;空间向量与立体几何;直线与圆	直观想象;数学运算;逻辑推理;数学抽象	水平2-3	
2009	shanghai_liberal	23	数列	函数	选择性必修	数列;常用逻辑用语;复数;计数原理	逻辑推理;数学运算;数学抽象	水平2-3	
2009	shanghai_science	1	复数	几何与代数	必修	复数	数学运算;数学抽象	水平1-2	
2009	shanghai_science	2	集合	函数	必修	集合	数学抽象;数学运算	水平1-2	
2009	shanghai_science	3	集合	函数	必修	集合;常用逻辑用语;矩阵与变换	数学抽象;数学运算;逻辑推理	水平1-2	
2009	shanghai_science	4	算法与程序框图	函数	必修	算法与程序框图	数学运算;数学抽象	水平1-2	
2009	shanghai_science	5	立体几何初步	几何与代数	必修	立体几何初步;三角函数;直线与圆	直观想象;数学运算	水平1-2	
2009	shanghai_science	6	三角函数	函数	必修	三角函数;不等式与方程	数学运算;直观想象;逻辑推理	水平1-2	
2009	shanghai_science	7	概率	概率与统计	选择性必修	概率	数据分析;数学运算;逻辑推理	水平2-3	
2009	shanghai_science	8	立体几何初步	几何与代数	必修	立体几何初步;直线与圆	直观想象;数学运算	水平1-2	
2009	shanghai_science	9	圆锥曲线	几何与代数	选择性必修	圆锥曲线;三角函数;平面向量;直线与圆	直观想象;数学运算;逻辑推理	水平2-3	
2009	shanghai_science	10	参数方程与极坐标	几何与代数	选择性必修	参数方程与极坐标;三角函数;平面向量;直线与圆	数学运算;直观想象	水平2-3	
2009	shanghai_science	11	不等式与方程	函数	必修	不等式与方程;三角函数	数学运算;逻辑推理;直观想象	水平1-2	
2009	shanghai_science	12	数列	函数	选择性必修	数列;三角函数;函数概念与性质;计数原理	逻辑推理;数学运算;直观想象;数学抽象	水平2-3	
2009	shanghai_science	13	平面向量	几何与代数	必修	平面向量;立体几何初步	数学运算;直观想象	水平1-2	
2009	shanghai_science	14	不等式与方程	函数	必修	不等式与方程;函数概念与性质;平面向量	数学运算;逻辑推理;数学抽象;直观想象	水平1-2	
2009	shanghai_science	15	常用逻辑用语	函数	必修	常用逻辑用语;不等式与方程;复数;计数原理	逻辑推理;数学抽象;数学运算	水平1-2	
2009	shanghai_science	16	集合	函数	必修	集合	数学抽象;数学运算	水平1-2	
2009	shanghai_science	17	统计	概率与统计	选择性必修	统计;概率	数据分析;数学建模;数学运算;逻辑推理	水平2-3	
2009	shanghai_science	18	直线与圆	几何与代数	选择性必修	直线与圆;三角函数	直观想象;数学运算	水平2-3	
2009	shanghai_science	19	立体几何初步	几何与代数	必修	立体几何初步;空间向量与立体几何	直观想象;数学运算	水平1-2	
2009	shanghai_science	20	基本初等函数	函数	必修	基本初等函数;函数概念与性质;复数	数学运算;数学抽象	水平1-2	
2009	shanghai_science	21	平面向量	几何与代数	必修	平面向量;圆锥曲线;常用逻辑用语;复数;立体几何初步;空间向量与立体几何;直线与圆	数学运算;直观想象;逻辑推理;数学抽象	水平1-2	
2009	shanghai_science	22	函数概念与性质	函数	必修	函数概念与性质;复数	数学抽象;数学运算	水平1-2	
2009	shanghai_science	23	数列	函数	选择性必修	数列;常用逻辑用语;复数;计数原理	逻辑推理;数学运算;数学抽象	水平2-3	
2009	shanghai_spring	1	基本初等函数	函数	必修	基本初等函数;函数概念与性质	数学运算;数学抽象	水平1-2	
2009	shanghai_spring	2	复数	几何与代数	必修	复数	数学运算;数学抽象	水平1-2	
2009	shanghai_spring	3	三角函数	函数	必修	三角函数;不等式与方程	数学运算;直观想象;逻辑推理	水平1-2	
2009	shanghai_spring	4	集合	函数	必修	集合	数学抽象;数学运算	水平1-2	
2009	shanghai_spring	5	圆锥曲线	几何与代数	选择性必修	圆锥曲线	直观想象;数学运算;逻辑推理	水平2-3	
2009	shanghai_spring	6	平面向量	几何与代数	必修	平面向量;空间向量与立体几何	数学运算;直观想象	水平1-2	
2009	shanghai_spring	7	圆锥曲线	几何与代数	选择性必修	圆锥曲线;直线与圆	直观想象;数学运算;逻辑推理	水平2-3	
2009	shanghai_spring	8	三角函数	函数	必修	三角函数	数学运算;直观想象	水平1-2	
2009	shanghai_spring	9	函数概念与性质	函数	必修	函数概念与性质	数学抽象;数学运算	水平1-2	
2009	shanghai_spring	10	概率	概率与统计	选择性必修	概率	数据分析;数学运算;逻辑推理	水平2-3	
2009	shanghai_spring	11	平面向量	几何与代数	必修	平面向量	数学运算;直观想象	水平1-2	
2009	shanghai_spring	12	常用逻辑用语	函数	必修	常用逻辑用语;立体几何初步;直线与圆	逻辑推理;数学抽象;直观想象;数学运算	水平1-2	
2009	shanghai_spring	13	直线与圆	几何与代数	选择性必修	直线与圆	直观想象;数学运算	水平2-3	
2009	shanghai_spring	14	基本初等函数	函数	必修	基本初等函数;函数概念与性质	数学运算;数学抽象	水平1-2	
2009	shanghai_spring	15	函数概念与性质	函数	必修	函数概念与性质	数学抽象;数学运算	水平1-2	
2009	shanghai_spring	16	立体几何初步	几何与代数	必修	立体几何初步	直观想象;数学运算	水平1-2	
2009	shanghai_spring	17	不等式与方程	函数	必修	不等式与方程;数列;复数;计数原理	数学运算;逻辑推理;数学抽象	水平1-2	
2009	shanghai_spring	18	直线与圆	几何与代数	选择性必修	直线与圆;圆锥曲线;空间向量与立体几何	直观想象;数学运算;逻辑推理	水平2-3	
2009	shanghai_spring	19	数列	函数	选择性必修	数列;常用逻辑用语;平面向量;复数;直线与圆;圆锥曲线;计数原理	逻辑推理;数学运算;数学抽象;直观想象	水平2-3	
2009	shanghai_spring	20	三角函数	函数	必修	三角函数;不等式与方程;函数概念与性质;导数;复数	数学运算;直观想象;逻辑推理;数学抽象	水平1-2	
2010	shanghai_liberal	1	集合	函数	必修	集合	数学抽象;数学运算	水平1-2	
2010	shanghai_liberal	2	不等式与方程	函数	必修	不等式与方程;基本初等函数	数学运算;逻辑推理;数学抽象	水平1-2	
2010	shanghai_liberal	3	三角函数	函数	必修	三角函数;矩阵与变换	数学运算;直观想象;数学抽象	水平1-2	
2010	shanghai_liberal	4	复数	几何与代数	必修	复数	数学运算;数学抽象	水平1-2	
2010	shanghai_liberal	5	统计	概率与统计	选择性必修	统计	数据分析;数学建模	水平2-3	
2010	shanghai_liberal	6	立体几何初步	几何与代数	必修	立体几何初步	直观想象;数学运算	水平1-2	
2010	shanghai_liberal	7	直线与圆	几何与代数	选择性必修	直线与圆;空间向量与立体几何	直观想象;数学运算	水平2-3	
2010	shanghai_liberal	8	空间向量与立体几何	几何与代数	选择性必修	空间向量与立体几何;直线与圆	直观想象;数学运算	水平2-3	
2010	shanghai_liberal	9	函数概念与性质	函数	必修	函数概念与性质;基本初等函数;平面向量	数学抽象;数学运算;直观想象	水平1-2	
2010	shanghai_liberal	10	概率	概率与统计	选择性必修	概率;统计	数据分析;数学运算;逻辑推理;数学建模	水平2-3	
2010	shanghai_liberal	11	算法与程序框图	函数	必修	算法与程序框图	数学运算;数学抽象	水平1-2	
2010	shanghai_liberal	12	矩阵与变换	几何与代数	选修	矩阵与变换	数学运算;数学抽象	水平3	
2010	shanghai_liberal	13	平面向量	几何与代数	必修	平面向量;圆锥曲线	数学运算;直观想象;逻辑推理	水平1-2	
2010	shanghai_liberal	14	微积分（选修）	函数	选修	微积分（选修）;直线与圆	数学运算;数学抽象;直观想象	水平3	
2010	shanghai_liberal	15	不等式与方程	函数	必修	不等式与方程;最优化;常用逻辑用语	数学运算;逻辑推理;数学建模;数学抽象	水平1-2	
2010	shanghai_liberal	16	常用逻辑用语	函数	必修	常用逻辑用语;三角函数	逻辑推理;数学抽象;数学运算;直观想象	水平1-2	
2010	shanghai_liberal	17	集合	函数	必修	集合;基本初等函数	数学抽象;数学运算	水平1-2	
2010	shanghai_liberal	18	三角函数	函数	必修	三角函数	数学运算;直观想象	水平1-2	
2010	shanghai_liberal	19	三角函数	函数	必修	三角函数	数学运算;直观想象	水平1-2	
2010	shanghai_liberal	20	不等式与方程	函数	必修	不等式与方程;直线与圆;复数;立体几何初步	数学运算;逻辑推理;直观想象;数学抽象	水平1-2	
2010	shanghai_liberal	21	数列	函数	选择性必修	数列;不等式与方程;复数	逻辑推理;数学运算;数学抽象	水平2-3	
2010	shanghai_liberal	22	函数概念与性质	函数	必修	函数概念与性质;不等式与方程;三角函数;基本初等函数;导数;复数	数学抽象;数学运算;逻辑推理;直观想象	水平1-2	
2010	shanghai_liberal	23	平面向量	几何与代数	必修	平面向量;直线与圆;复数;圆锥曲线	数学运算;直观想象;数学抽象	水平1-2	
2010	shanghai_science	1	不等式与方程	函数	必修	不等式与方程;基本初等函数	数学运算;逻辑推理;数学抽象	水平1-2	
2010	shanghai_science	2	复数	几何与代数	必修	复数	数学运算;数学抽象	水平1-2	
2010	shanghai_science	3	空间向量与立体几何	几何与代数	选择性必修	空间向量与立体几何;直线与圆	直观想象;数学运算	水平2-3	
2010	shanghai_science	4	三角函数	函数	必修	三角函数;矩阵与变换	数学运算;直观想象;数学抽象	水平1-2	
2010	shanghai_science	5	直线与圆	几何与代数	选择性必修	直线与圆;空间向量与立体几何	直观想象;数学运算	水平2-3	
2010	shanghai_science	6	概率	概率与统计	选择性必修	概率;统计	数据分析;数学运算;逻辑推理;数学建模	水平2-3	
2010	shanghai_science	7	算法与程序框图	函数	必修	算法与程序框图	数学运算;数学抽象	水平1-2	
2010	shanghai_science	8	函数概念与性质	函数	必修	函数概念与性质;基本初等函数;平面向量	数学抽象;数学运算;直观想象	水平1-2	
2010	shanghai_science	9	概率	概率与统计	选择性必修	概率;统计	数据分析;数学运算;逻辑推理;数学建模	水平2-3	
2010	shanghai_science	10	矩阵与变换	几何与代数	选修	矩阵与变换	数学运算;数学抽象	水平3	
2010	shanghai_science	11	微积分（选修）	函数	选修	微积分（选修）;直线与圆	数学运算;数学抽象;直观想象	水平3	
2010	shanghai_science	12	三角函数	函数	必修	三角函数;立体几何初步	数学运算;直观想象	水平1-2	
2010	shanghai_science	13	平面向量	几何与代数	必修	平面向量;圆锥曲线;直线与圆	数学运算;直观想象;逻辑推理	水平1-2	
2010	shanghai_science	14	集合	函数	必修	集合;常用逻辑用语;复数;计数原理	数学抽象;数学运算;逻辑推理	水平1-2	
2010	shanghai_science	15	常用逻辑用语	函数	必修	常用逻辑用语;三角函数	逻辑推理;数学抽象;数学运算;直观想象	水平1-2	
2010	shanghai_science	16	平面向量	几何与代数	必修	平面向量;直线与圆;计数原理;参数方程与极坐标	数学运算;直观想象;逻辑推理	水平1-2	
2010	shanghai_science	17	基本初等函数	函数	必修	基本初等函数;集合	数学运算;数学抽象	水平1-2	
2010	shanghai_science	18	三角函数	函数	必修	三角函数;直线与圆	数学运算;直观想象	水平1-2	
2010	shanghai_science	19	三角函数	函数	必修	三角函数	数学运算;直观想象	水平1-2	
2010	shanghai_science	20	数列	函数	选择性必修	数列;不等式与方程;复数	逻辑推理;数学运算;数学抽象	水平2-3	
2010	shanghai_science	21	直线与圆	几何与代数	选择性必修	直线与圆;不等式与方程;三角函数;复数;立体几何初步	直观想象;数学运算;逻辑推理	水平2-3	
2010	shanghai_science	22	三角函数	函数	必修	三角函数;函数概念与性质;基本初等函数;复数	数学运算;直观想象;数学抽象	水平1-2	
2010	shanghai_science	23	常用逻辑用语	函数	必修	常用逻辑用语;三角函数;平面向量;直线与圆;复数;圆锥曲线	逻辑推理;数学抽象;数学运算;直观想象	水平1-2	
2010	shanghai_spring	1	三角函数	函数	必修	三角函数;不等式与方程	数学运算;直观想象;逻辑推理	水平1-2	
2010	shanghai_spring	2	函数概念与性质	函数	必修	函数概念与性质	数学抽象;数学运算	水平1-2	
2010	shanghai_spring	3	复数	几何与代数	必修	复数	数学运算;数学抽象	水平1-2	
2010	shanghai_spring	4	集合	函数	必修	集合	数学抽象;数学运算	水平1-2	
2010	shanghai_spring	5	圆锥曲线	几何与代数	选择性必修	圆锥曲线;空间向量与立体几何;直线与圆	直观想象;数学运算;逻辑推理	水平2-3	
2010	shanghai_spring	6	统计	概率与统计	选择性必修	统计	数据分析;数学建模	水平2-3	
2010	shanghai_spring	7	圆锥曲线	几何与代数	选择性必修	圆锥曲线	直观想象;数学运算;逻辑推理	水平2-3	
2010	shanghai_spring	8	计数原理	概率与统计	选择性必修	计数原理	逻辑推理;数学运算	水平2-3	
2010	shanghai_spring	9	概率	概率与统计	选择性必修	概率	数据分析;数学运算;逻辑推理	水平2-3	
2010	shanghai_spring	10	立体几何初步	几何与代数	必修	立体几何初步	直观想象;数学运算	水平1-2	
2010	shanghai_spring	11	不等式与方程	函数	必修	不等式与方程;基本初等函数	数学运算;逻辑推理;数学抽象	水平1-2	
2010	shanghai_spring	12	算法与程序框图	函数	必修	算法与程序框图;不等式与方程	数学运算;数学抽象;逻辑推理	水平1-2	
2010	shanghai_spring	13	直线与圆	几何与代数	选择性必修	直线与圆	直观想象;数学运算	水平2-3	
2010	shanghai_spring	14	微积分（选修）	函数	选修	微积分（选修）;集合	数学运算;数学抽象	水平3	
2010	shanghai_spring	15	立体几何初步	几何与代数	必修	立体几何初步;直线与圆	直观想象;数学运算	水平1-2	
2010	shanghai_spring	16	不等式与方程	函数	必修	不等式与方程	数学运算;逻辑推理	水平1-2	
2010	shanghai_spring	17	常用逻辑用语	函数	必修	常用逻辑用语;直线与圆;圆锥曲线	逻辑推理;数学抽象;直观想象;数学运算	水平1-2	
2010	shanghai_spring	18	函数概念与性质	函数	必修	函数概念与性质;平面向量	数学抽象;数学运算;直观想象	水平1-2	
2010	shanghai_spring	19	三角函数	函数	必修	三角函数	数学运算;直观想象	水平1-2	
2010	shanghai_spring	20	不等式与方程	函数	必修	不等式与方程;函数概念与性质;基本初等函数;复数	数学运算;逻辑推理;数学抽象	水平1-2	
2010	shanghai_spring	21	复数	几何与代数	必修	复数;立体几何初步;空间向量与立体几何;直线与圆	数学运算;数学抽象;直观想象	水平1-2	
2010	shanghai_spring	22	平面向量	几何与代数	必修	平面向量;常用逻辑用语;复数;直线与圆;圆锥曲线	数学运算;直观想象;逻辑推理;数学抽象	水平1-2	
2010	shanghai_spring	23	常用逻辑用语	函数	必修	常用逻辑用语;基本初等函数;数列;复数	逻辑推理;数学抽象;数学运算	水平1-2	
2011	shanghai_liberal	1	集合	函数	必修	集合	数学抽象;数学运算	水平1-2	
2011	shanghai_liberal	2	微积分（选修）	函数	选修	微积分（选修）	数学运算;数学抽象	水平3	
2011	shanghai_liberal	3	函数概念与性质	函数	必修	函数概念与性质	数学抽象;数学运算	水平1-2	
2011	shanghai_liberal	4	三角函数	函数	必修	三角函数;不等式与方程	数学运算;直观想象;逻辑推理	水平1-2	
2011	shanghai_liberal	5	平面向量	几何与代数	必修	平面向量;空间向量与立体几何;直线与圆	数学运算;直观想象	水平1-2	
2011	shanghai_liberal	6	不等式与方程	函数	必修	不等式与方程;基本初等函数	数学运算;逻辑推理;数学抽象	水平1-2	
2011	shanghai_liberal	7	直线与圆	几何与代数	选择性必修	直线与圆	直观想象;数学运算	水平2-3	
2011	shanghai_liberal	8	空间向量与立体几何	几何与代数	选择性必修	空间向量与立体几何	直观想象;数学运算	水平2-3	
2011	shanghai_liberal	9	不等式与方程	函数	必修	不等式与方程;常用逻辑用语	数学运算;逻辑推理;数学抽象	水平1-2	
2011	shanghai_liberal	10	统计	概率与统计	选择性必修	统计	数据分析;数学建模	水平2-3	
2011	shanghai_liberal	11	不等式与方程	函数	必修	不等式与方程;矩阵与变换	数学运算;逻辑推理;数学抽象	水平1-2	
2011	shanghai_liberal	12	平面向量	几何与代数	必修	平面向量	数学运算;直观想象	水平1-2	
2011	shanghai_liberal	13	概率	概率与统计	选择性必修	概率;统计	数据分析;数学运算;逻辑推理;数学建模	水平2-3	
2011	shanghai_liberal	14	函数概念与性质	函数	必修	函数概念与性质;三角函数	数学抽象;数学运算;直观想象	水平1-2	
2011	shanghai_liberal	15	函数概念与性质	函数	必修	函数概念与性质;导数	数学抽象;数学运算;逻辑推理	水平1-2	
2011	shanghai_liberal	16	不等式与方程	函数	必修	不等式与方程	数学运算;逻辑推理	水平1-2	
2011	shanghai_liberal	17	集合	函数	必修	集合;不等式与方程;三角函数;基本初等函数	数学抽象;数学运算;逻辑推理;直观想象	水平1-2	
2011	shanghai_liberal	18	平面向量	几何与代数	必修	平面向量	数学运算;直观想象	水平1-2	
2011	shanghai_liberal	19	复数	几何与代数	必修	复数	数学运算;数学抽象	水平1-2	
2011	shanghai_liberal	20	立体几何初步	几何与代数	必修	立体几何初步;直线与圆;三角函数;复数	直观想象;数学运算	水平1-2	
2011	shanghai_liberal	21	函数概念与性质	函数	必修	函数概念与性质;导数;复数	数学抽象;数学运算;逻辑推理	水平1-2	
2011	shanghai_liberal	22	不等式与方程	函数	必修	不等式与方程;圆锥曲线;平面向量;复数;直线与圆	数学运算;逻辑推理;直观想象	水平1-2	
2011	shanghai_liberal	23	集合	函数	必修	集合;数列;不等式与方程;复数;计数原理	数学抽象;数学运算;逻辑推理	水平1-2	
2011	shanghai_science	1	函数概念与性质	函数	必修	函数概念与性质	数学抽象;数学运算	水平1-2	
2011	shanghai_science	2	集合	函数	必修	集合	数学抽象;数学运算	水平1-2	
2011	shanghai_science	3	圆锥曲线	几何与代数	选择性必修	圆锥曲线	直观想象;数学运算;逻辑推理	水平2-3	
2011	shanghai_science	4	不等式与方程	函数	必修	不等式与方程;基本初等函数	数学运算;逻辑推理;数学抽象	水平1-2	
2011	shanghai_science	5	三角函数	函数	必修	三角函数;参数方程与极坐标;平面向量;空间向量与立体几何;直线与圆	数学运算;直观想象	水平1-2	
2011	shanghai_science	6	空间向量与立体几何	几何与代数	选择性必修	空间向量与立体几何	直观想象;数学运算	水平2-3	
2011	shanghai_science	7	立体几何初步	几何与代数	必修	立体几何初步;直线与圆	直观想象;数学运算	水平1-2	
2011	shanghai_science	8	三角函数	函数	必修	三角函数;不等式与方程	数学运算;直观想象;逻辑推理	水平1-2	
2011	shanghai_science	9	概率	概率与统计	选择性必修	概率	数据分析;数学运算;逻辑推理	水平2-3	
2011	shanghai_science	10	不等式与方程	函数	必修	不等式与方程;矩阵与变换	数学运算;逻辑推理;数学抽象	水平1-2	
2011	shanghai_science	11	平面向量	几何与代数	必修	平面向量	数学运算;直观想象	水平1-2	
2011	shanghai_science	12	概率	概率与统计	选择性必修	概率;统计	数据分析;数学运算;逻辑推理;数学建模	水平2-3	
2011	shanghai_science	13	函数概念与性质	函数	必修	函数概念与性质;三角函数	数学抽象;数学运算;直观想象	水平1-2	
2011	shanghai_science	14	微积分（选修）	函数	选修	微积分（选修）	数学运算;数学抽象	水平3	
2011	shanghai_science	15	不等式与方程	函数	必修	不等式与方程	数学运算;逻辑推理	水平1-2	
2011	shanghai_science	16	三角函数	函数	必修	三角函数;基本初等函数;函数概念与性质;导数	数学运算;直观想象;数学抽象	水平1-2	
2011	shanghai_science	17	平面向量	几何与代数	必修	平面向量	数学运算;直观想象	水平1-2	
2011	shanghai_science	18	数列	函数	选择性必修	数列;常用逻辑用语;计数原理	逻辑推理;数学运算;数学抽象	水平2-3	
2011	shanghai_science	19	复数	几何与代数	必修	复数	数学运算;数学抽象	水平1-2	
2011	shanghai_science	20	函数概念与性质	函数	必修	函数概念与性质;导数;复数	数学抽象;数学运算;逻辑推理	水平1-2	
2011	shanghai_science	21	空间向量与立体几何	几何与代数	选择性必修	空间向量与立体几何;三角函数;复数;立体几何初步	直观想象;数学运算;数学抽象	水平2-3	
2011	shanghai_science	22	数列	函数	选择性必修	数列;集合;计数原理;复数	逻辑推理;数学运算;数学抽象	水平2-3	
2011	shanghai_science	23	不等式与方程	函数	必修	不等式与方程;集合;复数;空间向量与立体几何	数学运算;逻辑推理;数学抽象	水平1-2	
2011	shanghai_spring	1	函数概念与性质	函数	必修	函数概念与性质	数学抽象;数学运算	水平1-2	
2011	shanghai_spring	2	集合	函数	必修	集合	数学抽象;数学运算	水平1-2	
2011	shanghai_spring	3	三角函数	函数	必修	三角函数	数学运算;直观想象	水平1-2	
2011	shanghai_spring	4	矩阵与变换	几何与代数	选修	矩阵与变换	数学运算;数学抽象	水平3	
2011	shanghai_spring	5	三角函数	函数	必修	三角函数	数学运算;直观想象	水平1-2	
2011	shanghai_spring	6	计数原理	概率与统计	选择性必修	计数原理	逻辑推理;数学运算	水平2-3	
2011	shanghai_spring	7	空间向量与立体几何	几何与代数	选择性必修	空间向量与立体几何;直线与圆	直观想象;数学运算	水平2-3	
2011	shanghai_spring	8	数列	函数	选择性必修	数列	逻辑推理;数学运算	水平2-3	
2011	shanghai_spring	9	圆锥曲线	几何与代数	选择性必修	圆锥曲线;直线与圆	直观想象;数学运算;逻辑推理	水平2-3	
2011	shanghai_spring	10	不等式与方程	函数	必修	不等式与方程;圆锥曲线;直线与圆	数学运算;逻辑推理;直观想象	水平1-2	
2011	shanghai_spring	11	算法与程序框图	函数	必修	算法与程序框图	数学运算;数学抽象	水平1-2	
2011	shanghai_spring	12	计数原理	概率与统计	选择性必修	计数原理	逻辑推理;数学运算	水平2-3	
2011	shanghai_spring	13	立体几何初步	几何与代数	必修	立体几何初步	直观想象;数学运算	水平1-2	
2011	shanghai_spring	14	基本初等函数	函数	必修	基本初等函数;复数	数学运算;数学抽象	水平1-2	
2011	shanghai_spring	15	平面向量	几何与代数	必修	平面向量	数学运算;直观想象	水平1-2	
2011	shanghai_spring	16	函数概念与性质	函数	必修	函数概念与性质;直线与圆	数学抽象;数学运算;直观想象	水平1-2	
2011	shanghai_spring	17	直线与圆	几何与代数	选择性必修	直线与圆	直观想象;数学运算	水平2-3	
2011	shanghai_spring	18	常用逻辑用语	函数	必修	常用逻辑用语;平面向量	逻辑推理;数学抽象;数学运算;直观想象	水平1-2	
2011	shanghai_spring	19	三角函数	函数	必修	三角函数;不等式与方程;平面向量;函数概念与性质;复数	数学运算;直观想象;逻辑推理	水平1-2	
2011	shanghai_spring	20	立体几何初步	几何与代数	必修	立体几何初步;直线与圆	直观想象;数学运算	水平1-2	
2011	shanghai_spring	21	直线与圆	几何与代数	选择性必修	直线与圆;三角函数;平面向量;复数;圆锥曲线	直观想象;数学运算	水平2-3	
2011	shanghai_spring	22	微积分（选修）	函数	选修	微积分（选修）;函数概念与性质;集合;不等式与方程;数列;复数	数学运算;数学抽象	水平3	
2011	shanghai_spring	23	数列	函数	选择性必修	数列;不等式与方程;复数	逻辑推理;数学运算;数学抽象	水平2-3	
2012	shanghai_liberal	1	复数	几何与代数	必修	复数	数学运算;数学抽象	水平1-2	
2012	shanghai_liberal	2	集合	函数	必修	集合	数学抽象;数学运算	水平1-2	
2012	shanghai_liberal	3	三角函数	函数	必修	三角函数;不等式与方程;函数概念与性质	数学运算;直观想象;逻辑推理;数学抽象	水平1-2	
2012	shanghai_liberal	4	平面向量	几何与代数	必修	平面向量;三角函数;直线与圆	数学运算;直观想象	水平1-2	
2012	shanghai_liberal	5	立体几何初步	几何与代数	必修	立体几何初步;直线与圆	直观想象;数学运算	水平1-2	
2012	shanghai_liberal	6	基本初等函数	函数	必修	基本初等函数	数学运算;数学抽象	水平1-2	
2012	shanghai_liberal	7	数列	函数	选择性必修	数列;立体几何初步;微积分（选修）	逻辑推理;数学运算;直观想象;数学抽象	水平2-3	
2012	shanghai_liberal	8	计数原理	概率与统计	选择性必修	计数原理	逻辑推理;数学运算	水平2-3	
2012	shanghai_liberal	9	函数概念与性质	函数	必修	函数概念与性质	数学抽象;数学运算	水平1-2	
2012	shanghai_liberal	10	不等式与方程	函数	必修	不等式与方程;最优化;常用逻辑用语	数学运算;逻辑推理;数学建模;数学抽象	水平1-2	
2012	shanghai_liberal	11	概率	概率与统计	选择性必修	概率	数据分析;数学运算;逻辑推理	水平2-3	
2012	shanghai_liberal	12	平面向量	几何与代数	必修	平面向量	数学运算;直观想象	水平1-2	
2012	shanghai_liberal	13	函数概念与性质	函数	必修	函数概念与性质	数学抽象;数学运算	水平1-2	
2012	shanghai_liberal	14	数列	函数	选择性必修	数列;函数概念与性质;计数原理	逻辑推理;数学运算;数学抽象	水平2-3	
2012	shanghai_liberal	15	复数	几何与代数	必修	复数;计数原理	数学运算;数学抽象;逻辑推理	水平1-2	
2012	shanghai_liberal	16	常用逻辑用语	函数	必修	常用逻辑用语;直线与圆;圆锥曲线	逻辑推理;数学抽象;直观想象;数学运算	水平1-2	
2012	shanghai_liberal	17	三角函数	函数	必修	三角函数	数学运算;直观想象	水平1-2	
2012	shanghai_liberal	18	三角函数	函数	必修	三角函数	数学运算;直观想象	水平1-2	
2012	shanghai_liberal	19	立体几何初步	几何与代数	必修	立体几何初步;三角函数;复数;直线与圆	直观想象;数学运算;数学抽象	水平1-2	
2012	shanghai_liberal	20	函数概念与性质	函数	必修	函数概念与性质;三角函数;复数	数学抽象;数学运算;直观想象	水平1-2	
2012	shanghai_liberal	21	平面向量	几何与代数	必修	平面向量;复数;直线与圆;圆锥曲线	数学运算;直观想象;数学抽象	水平1-2	
2012	shanghai_liberal	22	直线与圆	几何与代数	选择性必修	直线与圆;圆锥曲线;平面向量;复数;立体几何初步	直观想象;数学运算;逻辑推理	水平2-3	
2012	shanghai_liberal	23	不等式与方程	函数	必修	不等式与方程;数列;复数	数学运算;逻辑推理;数学抽象	水平1-2	
2012	shanghai_science	1	复数	几何与代数	必修	复数	数学运算;数学抽象	水平1-2	
2012	shanghai_science	2	集合	函数	必修	集合	数学抽象;数学运算	水平1-2	
2012	shanghai_science	3	三角函数	函数	必修	三角函数;函数概念与性质	数学运算;直观想象;数学抽象	水平1-2	
2012	shanghai_science	4	平面向量	几何与代数	必修	平面向量;三角函数;空间向量与立体几何;直线与圆	数学运算;直观想象	水平1-2	
2012	shanghai_science	5	计数原理	概率与统计	选择性必修	计数原理	逻辑推理;数学运算	水平2-3	
2012	shanghai_science	6	数列	函数	选择性必修	数列;立体几何初步;微积分（选修）	逻辑推理;数学运算;直观想象;数学抽象	水平2-3	
2012	shanghai_science	7	函数概念与性质	函数	必修	函数概念与性质	数学抽象;数学运算	水平1-2	
2012	shanghai_science	8	立体几何初步	几何与代数	必修	立体几何初步;直线与圆	直观想象;数学运算	水平1-2	
2012	shanghai_science	9	函数概念与性质	函数	必修	函数概念与性质	数学抽象;数学运算	水平1-2	
2012	shanghai_science	10	参数方程与极坐标	几何与代数	选择性必修	参数方程与极坐标;平面向量;空间向量与立体几何;直线与圆	数学运算;直观想象	水平2-3	
2012	shanghai_science	11	概率	概率与统计	选择性必修	概率	数据分析;数学运算;逻辑推理	水平2-3	
2012	shanghai_science	12	平面向量	几何与代数	必修	平面向量;立体几何初步	数学运算;直观想象	水平1-2	
2012	shanghai_science	13	函数概念与性质	函数	必修	函数概念与性质	数学抽象;数学运算	水平1-2	
2012	shanghai_science	14	不等式与方程	函数	必修	不等式与方程;立体几何初步	数学运算;逻辑推理;直观想象	水平1-2	
2012	shanghai_science	15	复数	几何与代数	必修	复数;计数原理	数学运算;数学抽象;逻辑推理	水平1-2	
2012	shanghai_science	16	三角函数	函数	必修	三角函数	数学运算;直观想象	水平1-2	
2012	shanghai_science	17	概率	概率与统计	选择性必修	概率;不等式与方程	数据分析;数学运算;逻辑推理	水平2-3	
2012	shanghai_science	18	三角函数	函数	必修	三角函数	数学运算;直观想象	水平1-2	
2012	shanghai_science	19	立体几何初步	几何与代数	必修	立体几何初步;复数;直线与圆	直观想象;数学运算;数学抽象	水平1-2	
2012	shanghai_science	20	函数概念与性质	函数	必修	函数概念与性质;三角函数;复数	数学抽象;数学运算;直观想象	水平1-2	
2012	shanghai_science	21	平面向量	几何与代数	必修	平面向量;复数;直线与圆;圆锥曲线	数学运算;直观想象;数学抽象	水平1-2	
2012	shanghai_science	22	直线与圆	几何与代数	选择性必修	直线与圆;圆锥曲线;平面向量;复数;立体几何初步;空间向量与立体几何	直观想象;数学运算;逻辑推理	水平2-3	
2012	shanghai_science	23	数列	函数	选择性必修	数列;平面向量;常用逻辑用语;复数	逻辑推理;数学运算;直观想象;数学抽象	水平2-3	
2012	shanghai_spring	1	集合	函数	必修	集合	数学抽象;数学运算	水平1-2	
2012	shanghai_spring	2	函数概念与性质	函数	必修	函数概念与性质	数学抽象;数学运算	水平1-2	
2012	shanghai_spring	3	圆锥曲线	几何与代数	选择性必修	圆锥曲线;平面向量	直观想象;数学运算;逻辑推理	水平2-3	
2012	shanghai_spring	4	复数	几何与代数	必修	复数	数学运算;数学抽象	水平1-2	
2012	shanghai_spring	5	三角函数	函数	必修	三角函数;不等式与方程;函数概念与性质	数学运算;直观想象;逻辑推理;数学抽象	水平1-2	
2012	shanghai_spring	6	基本初等函数	函数	必修	基本初等函数	数学运算;数学抽象	水平1-2	
2012	shanghai_spring	7	计数原理	概率与统计	选择性必修	计数原理	逻辑推理;数学运算	水平2-3	
2012	shanghai_spring	8	函数概念与性质	函数	必修	函数概念与性质	数学抽象;数学运算	水平1-2	
2012	shanghai_spring	9	不等式与方程	函数	必修	不等式与方程;基本初等函数	数学运算;逻辑推理;数学抽象	水平1-2	
2012	shanghai_spring	10	复数	几何与代数	必修	复数	数学运算;数学抽象	水平1-2	
2012	shanghai_spring	11	概率	概率与统计	选择性必修	概率	数据分析;数学运算;逻辑推理	水平2-3	
2012	shanghai_spring	12	不等式与方程	函数	必修	不等式与方程	数学运算;逻辑推理	水平1-2	
2012	shanghai_spring	13	数列	函数	选择性必修	数列;不等式与方程;计数原理	逻辑推理;数学运算	水平2-3	
2012	shanghai_spring	14	矩阵与变换	几何与代数	选修	矩阵与变换	数学运算;数学抽象	水平3	
2012	shanghai_spring	15	圆锥曲线	几何与代数	选择性必修	圆锥曲线;直线与圆	直观想象;数学运算;逻辑推理	水平2-3	
2012	shanghai_spring	16	函数概念与性质	函数	必修	函数概念与性质	数学抽象;数学运算	水平1-2	
2012	shanghai_spring	17	立体几何初步	几何与代数	必修	立体几何初步;直线与圆	直观想象;数学运算	水平1-2	
2012	shanghai_spring	18	常用逻辑用语	函数	必修	常用逻辑用语;三角函数;平面向量;直线与圆	逻辑推理;数学抽象;数学运算;直观想象	水平1-2	
2012	shanghai_spring	19	立体几何初步	几何与代数	必修	立体几何初步;三角函数;复数;直线与圆	直观想象;数学运算;数学抽象	水平1-2	
2012	shanghai_spring	20	不等式与方程	函数	必修	不等式与方程;复数;计数原理	数学运算;逻辑推理;数学抽象	水平1-2	
2012	shanghai_spring	21	圆锥曲线	几何与代数	选择性必修	圆锥曲线;平面向量;复数;直线与圆	直观想象;数学运算;逻辑推理;数学抽象	水平2-3	
2012	shanghai_spring	22	数列	函数	选择性必修	数列;复数;计数原理	逻辑推理;数学运算;数学抽象	水平2-3	
2012	shanghai_spring	23	三角函数	函数	必修	三角函数;平面向量;不等式与方程;集合;函数概念与性质;复数;直线与圆	数学运算;直观想象;逻辑推理	水平1-2	
2013	shanghai_liberal	1	不等式与方程	函数	必修	不等式与方程;基本初等函数	数学运算;逻辑推理;数学抽象	水平1-2	
2013	shanghai_liberal	2	数列	函数	选择性必修	数列;计数原理	逻辑推理;数学运算	水平2-3	
2013	shanghai_liberal	3	复数	几何与代数	必修	复数	数学运算;数学抽象	水平1-2	
2013	shanghai_liberal	4	矩阵与变换	几何与代数	选修	矩阵与变换	数学运算;数学抽象	水平3	
2013	shanghai_liberal	5	三角函数	函数	必修	三角函数;不等式与方程;直线与圆	数学运算;直观想象;逻辑推理	水平1-2	
2013	shanghai_liberal	6	统计	概率与统计	选择性必修	统计	数据分析;数学建模	水平2-3	
2013	shanghai_liberal	7	计数原理	概率与统计	选择性必修	计数原理;数列	逻辑推理;数学运算	水平2-3	
2013	shanghai_liberal	8	基本初等函数	函数	必修	基本初等函数;函数概念与性质	数学运算;数学抽象	水平1-2	
2013	shanghai_liberal	9	三角函数	函数	必修	三角函数;直线与圆	数学运算;直观想象	水平1-2	
2013	shanghai_liberal	10	直线与圆	几何与代数	选择性必修	直线与圆;三角函数	直观想象;数学运算	水平2-3	
2013	shanghai_liberal	11	计数原理	概率与统计	选择性必修	计数原理;概率	逻辑推理;数学运算;数据分析	水平2-3	
2013	shanghai_liberal	12	圆锥曲线	几何与代数	选择性必修	圆锥曲线;空间向量与立体几何;直线与圆	直观想象;数学运算;逻辑推理	水平2-3	
2013	shanghai_liberal	13	不等式与方程	函数	必修	不等式与方程	数学运算;逻辑推理	水平1-2	
2013	shanghai_liberal	14	平面向量	几何与代数	必修	平面向量;不等式与方程	数学运算;直观想象;逻辑推理	水平1-2	
2013	shanghai_liberal	15	函数概念与性质	函数	必修	函数概念与性质	数学抽象;数学运算	水平1-2	
2013	shanghai_liberal	16	集合	函数	必修	集合	数学抽象;数学运算	水平1-2	
2013	shanghai_liberal	17	常用逻辑用语	函数	必修	常用逻辑用语;基本初等函数	逻辑推理;数学抽象;数学运算	水平1-2	
2013	shanghai_liberal	18	不等式与方程	函数	必修	不等式与方程;微积分（选修）;数列;直线与圆;圆锥曲线;计数原理	数学运算;逻辑推理;数学抽象	水平1-2	
2013	shanghai_liberal	19	立体几何初步	几何与代数	必修	立体几何初步;直线与圆	直观想象;数学运算	水平1-2	
2013	shanghai_liberal	20	不等式与方程	函数	必修	不等式与方程;常用逻辑用语;导数;复数;计数原理;数学建模与应用	数学运算;逻辑推理;数学抽象	水平1-2	
2013	shanghai_liberal	21	函数概念与性质	函数	必修	函数概念与性质;三角函数;平面向量;复数	数学抽象;数学运算;直观想象	水平1-2	
2013	shanghai_liberal	22	数列	函数	选择性必修	数列;常用逻辑用语;函数概念与性质;复数;计数原理	逻辑推理;数学运算;数学抽象	水平2-3	
2013	shanghai_liberal	23	直线与圆	几何与代数	选择性必修	直线与圆;圆锥曲线;常用逻辑用语;复数;空间向量与立体几何	直观想象;数学运算;逻辑推理;数学抽象	水平2-3	
2013	shanghai_science	1	微积分（选修）	函数	选修	微积分（选修）	数学运算;数学抽象	水平3	
2013	shanghai_science	2	复数	几何与代数	必修	复数;计数原理	数学运算;数学抽象;逻辑推理	水平1-2	
2013	shanghai_science	3	矩阵与变换	几何与代数	选修	矩阵与变换	数学运算;数学抽象	水平3	
2013	shanghai_science	4	三角函数	函数	必修	三角函数;常用逻辑用语;直线与圆	数学运算;直观想象;逻辑推理;数学抽象	水平1-2	
2013	shanghai_science	5	计数原理	概率与统计	选择性必修	计数原理	逻辑推理;数学运算	水平2-3	
2013	shanghai_science	6	基本初等函数	函数	必修	基本初等函数;函数概念与性质	数学运算;数学抽象	水平1-2	
2013	shanghai_science	7	参数方程与极坐标	几何与代数	选择性必修	参数方程与极坐标;三角函数;平面向量;空间向量与立体几何	数学运算;直观想象	水平2-3	
2013	shanghai_science	8	常用逻辑用语	函数	必修	常用逻辑用语;计数原理;概率	逻辑推理;数学抽象;数学运算;数据分析	水平1-2	
2013	shanghai_science	9	圆锥曲线	几何与代数	选择性必修	圆锥曲线;空间向量与立体几何;直线与圆	直观想象;数学运算;逻辑推理	水平2-3	
2013	shanghai_science	10	数列	函数	选择性必修	数列;概率;统计	逻辑推理;数学运算;数据分析;数学建模	水平2-3	
2013	shanghai_science	11	三角函数	函数	必修	三角函数	数学运算;直观想象	水平1-2	
2013	shanghai_science	12	函数概念与性质	函数	必修	函数概念与性质;常用逻辑用语;不等式与方程	数学抽象;数学运算;逻辑推理	水平1-2	
2013	shanghai_science	13	立体几何初步	几何与代数	必修	立体几何初步;直线与圆	直观想象;数学运算	水平1-2	
2013	shanghai_science	14	函数概念与性质	函数	必修	函数概念与性质	数学抽象;数学运算	水平1-2	
2013	shanghai_science	15	集合	函数	必修	集合	数学抽象;数学运算	水平1-2	
2013	shanghai_science	16	常用逻辑用语	函数	必修	常用逻辑用语	逻辑推理;数学抽象	水平1-2	
2013	shanghai_science	17	数列	函数	选择性必修	数列;集合;计数原理;矩阵与变换	逻辑推理;数学运算;数学抽象	水平2-3	
2013	shanghai_science	18	不等式与方程	函数	必修	不等式与方程;平面向量;直线与圆	数学运算;逻辑推理;直观想象	水平1-2	
2013	shanghai_science	19	立体几何初步	几何与代数	必修	立体几何初步;空间向量与立体几何;直线与圆	直观想象;数学运算	水平1-2	
2013	shanghai_science	20	常用逻辑用语	函数	必修	常用逻辑用语;不等式与方程;复数;计数原理;数学建模与应用	逻辑推理;数学抽象;数学运算	水平1-2	
2013	shanghai_science	21	三角函数	函数	必修	三角函数;不等式与方程;常用逻辑用语;函数概念与性质;导数;复数	数学运算;直观想象;逻辑推理;数学抽象	水平1-2	
2013	shanghai_science	22	直线与圆	几何与代数	选择性必修	直线与圆;圆锥曲线;常用逻辑用语;复数	直观想象;数学运算;逻辑推理;数学抽象	水平2-3	
2013	shanghai_science	23	数列	函数	选择性必修	数列;常用逻辑用语;函数概念与性质;复数;计数原理	逻辑推理;数学运算;数学抽象	水平2-3	
2013	shanghai_spring	1	基本初等函数	函数	必修	基本初等函数;函数概念与性质	数学运算;数学抽象	水平1-2	
2013	shanghai_spring	2	基本初等函数	函数	必修	基本初等函数	数学运算;数学抽象	水平1-2	
2013	shanghai_spring	3	圆锥曲线	几何与代数	选择性必修	圆锥曲线	直观想象;数学运算;逻辑推理	水平2-3	
2013	shanghai_spring	4	三角函数	函数	必修	三角函数;不等式与方程	数学运算;直观想象;逻辑推理	水平1-2	
2013	shanghai_spring	5	平面向量	几何与代数	必修	平面向量	数学运算;直观想象	水平1-2	
2013	shanghai_spring	6	三角函数	函数	必修	三角函数;不等式与方程	数学运算;直观想象;逻辑推理	水平1-2	
2013	shanghai_spring	7	复数	几何与代数	必修	复数	数学运算;数学抽象	水平1-2	
2013	shanghai_spring	8	三角函数	函数	必修	三角函数	数学运算;直观想象	水平1-2	
2013	shanghai_spring	9	立体几何初步	几何与代数	必修	立体几何初步;直线与圆	直观想象;数学运算	水平1-2	
2013	shanghai_spring	10	计数原理	概率与统计	选择性必修	计数原理;概率	逻辑推理;数学运算;数据分析	水平2-3	
2013	shanghai_spring	11	数列	函数	选择性必修	数列	逻辑推理;数学运算	水平2-3	
2013	shanghai_spring	12	计数原理	概率与统计	选择性必修	计数原理	逻辑推理;数学运算	水平2-3	
2013	shanghai_spring	13	计数原理	概率与统计	选择性必修	计数原理;矩阵与变换	逻辑推理;数学运算;数学抽象	水平2-3	
2013	shanghai_spring	14	函数概念与性质	函数	必修	函数概念与性质	数学抽象;数学运算	水平1-2	
2013	shanghai_spring	15	平面向量	几何与代数	必修	平面向量;直线与圆	数学运算;直观想象	水平1-2	
2013	shanghai_spring	16	函数概念与性质	函数	必修	函数概念与性质	数学抽象;数学运算	水平1-2	
2013	shanghai_spring	17	不等式与方程	函数	必修	不等式与方程	数学运算;逻辑推理	水平1-2	
2013	shanghai_spring	18	复数	几何与代数	必修	复数;直线与圆	数学运算;数学抽象;直观想象	水平1-2	
2013	shanghai_spring	19	计数原理	概率与统计	选择性必修	计数原理	逻辑推理;数学运算	水平2-3	
2013	shanghai_spring	20	三角函数	函数	必修	三角函数;函数概念与性质;导数	数学运算;直观想象;数学抽象;逻辑推理	水平1-2	
2013	shanghai_spring	21	立体几何初步	几何与代数	必修	立体几何初步	直观想象;数学运算	水平1-2	
2013	shanghai_spring	22	集合	函数	必修	集合	数学抽象;数学运算	水平1-2	
2013	shanghai_spring	23	常用逻辑用语	函数	必修	常用逻辑用语;函数概念与性质	逻辑推理;数学抽象;数学运算	水平1-2	
2013	shanghai_spring	24	圆锥曲线	几何与代数	选择性必修	圆锥曲线;直线与圆;平面向量	直观想象;数学运算;逻辑推理	水平2-3	
2013	shanghai_spring	25	立体几何初步	几何与代数	必修	立体几何初步;直线与圆	直观想象;数学运算	水平1-2	
2013	shanghai_spring	26	不等式与方程	函数	必修	不等式与方程	数学运算;逻辑推理	水平1-2	
2013	shanghai_spring	27	数列	函数	选择性必修	数列;计数原理;微积分（选修）	逻辑推理;数学运算;数学抽象	水平2-3	
2013	shanghai_spring	28	直线与圆	几何与代数	选择性必修	直线与圆;圆锥曲线;三角函数;平面向量;复数	直观想象;数学运算;逻辑推理	水平2-3	
2013	shanghai_spring	29	常用逻辑用语	函数	必修	常用逻辑用语;平面向量;圆锥曲线;复数;直线与圆	逻辑推理;数学抽象;数学运算;直观想象	水平1-2	
2013	shanghai_spring	30	数列	函数	选择性必修	数列;不等式与方程;三角函数;平面向量;复数	逻辑推理;数学运算;直观想象	水平2-3	
2013	shanghai_spring	31	常用逻辑用语	函数	必修	常用逻辑用语;函数概念与性质;基本初等函数;平面向量;复数;直线与圆	逻辑推理;数学抽象;数学运算	水平1-2	
2014	shanghai_liberal	1	三角函数	函数	必修	三角函数;不等式与方程;基本初等函数	数学运算;直观想象;逻辑推理;数学抽象	水平1-2	
2014	shanghai_liberal	2	复数	几何与代数	必修	复数	数学运算;数学抽象	水平1-2	
2014	shanghai_liberal	3	函数概念与性质	函数	必修	函数概念与性质	数学抽象;数学运算	水平1-2	
2014	shanghai_liberal	4	圆锥曲线	几何与代数	选择性必修	圆锥曲线;直线与圆	直观想象;数学运算;逻辑推理	水平2-3	
2014	shanghai_liberal	5	统计	概率与统计	选择性必修	统计	数据分析;数学建模	水平2-3	
2014	shanghai_liberal	6	不等式与方程	函数	必修	不等式与方程	数学运算;逻辑推理	水平1-2	
2014	shanghai_liberal	7	立体几何初步	几何与代数	必修	立体几何初步	直观想象;数学运算	水平1-2	
2014	shanghai_liberal	8	三角函数	函数	必修	三角函数;直线与圆;立体几何初步	数学运算;直观想象	水平1-2	
2014	shanghai_liberal	9	不等式与方程	函数	必修	不等式与方程;常用逻辑用语;函数概念与性质;集合	数学运算;逻辑推理;数学抽象	水平1-2	
2014	shanghai_liberal	10	数列	函数	选择性必修	数列;常用逻辑用语;计数原理;微积分（选修）	逻辑推理;数学运算;数学抽象	水平2-3	
2014	shanghai_liberal	11	函数概念与性质	函数	必修	函数概念与性质	数学抽象;数学运算	水平1-2	
2014	shanghai_liberal	12	三角函数	函数	必修	三角函数;直线与圆	数学运算;直观想象	水平1-2	
2014	shanghai_liberal	13	计数原理	概率与统计	选择性必修	计数原理;概率	逻辑推理;数学运算;数据分析	水平2-3	
2014	shanghai_liberal	14	平面向量	几何与代数	必修	平面向量;直线与圆;常用逻辑用语	数学运算;直观想象;逻辑推理;数学抽象	水平1-2	
2014	shanghai_liberal	15	常用逻辑用语	函数	必修	常用逻辑用语	逻辑推理;数学抽象	水平1-2	
2014	shanghai_liberal	16	集合	函数	必修	集合;复数	数学抽象;数学运算	水平1-2	
2014	shanghai_liberal	17	平面向量	几何与代数	必修	平面向量	数学运算;直观想象	水平1-2	
2014	shanghai_liberal	18	常用逻辑用语	函数	必修	常用逻辑用语;不等式与方程;基本初等函数;直线与圆;计数原理;矩阵与变换	逻辑推理;数学抽象;数学运算	水平1-2	
2014	shanghai_liberal	19	立体几何初步	几何与代数	必修	立体几何初步;直线与圆;三角函数;平面向量	直观想象;数学运算	水平1-2	
2014	shanghai_liberal	20	函数概念与性质	函数	必修	函数概念与性质;基本初等函数;复数	数学抽象;数学运算	水平1-2	
2014	shanghai_liberal	21	三角函数	函数	必修	三角函数;导数;复数;直线与圆	数学运算;直观想象;逻辑推理;数学抽象	水平1-2	
2014	shanghai_liberal	22	常用逻辑用语	函数	必修	常用逻辑用语;平面向量;复数;空间向量与立体几何;直线与圆	逻辑推理;数学抽象;数学运算;直观想象	水平1-2	
2014	shanghai_liberal	23	数列	函数	选择性必修	数列;不等式与方程;集合;常用逻辑用语;复数;计数原理	逻辑推理;数学运算;数学抽象	水平2-3	
2014	shanghai_science	1	三角函数	函数	必修	三角函数;不等式与方程	数学运算;直观想象;逻辑推理	水平1-2	
2014	shanghai_science	2	复数	几何与代数	必修	复数	数学运算;数学抽象	水平1-2	
2014	shanghai_science	3	圆锥曲线	几何与代数	选择性必修	圆锥曲线;直线与圆	直观想象;数学运算;逻辑推理	水平2-3	
2014	shanghai_science	4	函数概念与性质	函数	必修	函数概念与性质	数学抽象;数学运算	水平1-2	
2014	shanghai_science	5	不等式与方程	函数	必修	不等式与方程	数学运算;逻辑推理	水平1-2	
2014	shanghai_science	6	三角函数	函数	必修	三角函数;空间向量与立体几何;直线与圆	数学运算;直观想象	水平1-2	
2014	shanghai_science	7	三角函数	函数	必修	三角函数;参数方程与极坐标;平面向量;空间向量与立体几何	数学运算;直观想象	水平1-2	
2014	shanghai_science	8	数列	函数	选择性必修	数列;微积分（选修）	逻辑推理;数学运算;数学抽象	水平2-3	
2014	shanghai_science	9	函数概念与性质	函数	必修	函数概念与性质	数学抽象;数学运算	水平1-2	
2014	shanghai_science	10	概率	概率与统计	选择性必修	概率	数据分析;数学运算;逻辑推理	水平2-3	
2014	shanghai_science	11	集合	函数	必修	集合;复数	数学抽象;数学运算	水平1-2	
2014	shanghai_science	12	三角函数	函数	必修	三角函数	数学运算;直观想象	水平1-2	
2014	shanghai_science	13	概率	概率与统计	选择性必修	概率	数据分析;数学运算;逻辑推理	水平2-3	
2014	shanghai_science	14	常用逻辑用语	函数	必修	常用逻辑用语;平面向量;直线与圆	逻辑推理;数学抽象;数学运算;直观想象	水平1-2	
2014	shanghai_science	15	常用逻辑用语	函数	必修	常用逻辑用语	逻辑推理;数学抽象	水平1-2	
2014	shanghai_science	16	立体几何初步	几何与代数	必修	立体几何初步;平面向量	直观想象;数学运算	水平1-2	
2014	shanghai_science	17	常用逻辑用语	函数	必修	常用逻辑用语;不等式与方程;基本初等函数;直线与圆	逻辑推理;数学抽象;数学运算	水平1-2	
2014	shanghai_science	18	不等式与方程	函数	必修	不等式与方程;函数概念与性质	数学运算;逻辑推理;数学抽象	水平1-2	
2014	shanghai_science	19	立体几何初步	几何与代数	必修	立体几何初步;三角函数	直观想象;数学运算	水平1-2	
2014	shanghai_science	20	函数概念与性质	函数	必修	函数概念与性质;复数	数学抽象;数学运算	水平1-2	
2014	shanghai_science	21	复数	几何与代数	必修	复数	数学运算;数学抽象	水平1-2	
2014	shanghai_science	22	常用逻辑用语	函数	必修	常用逻辑用语;平面向量;复数;空间向量与立体几何;直线与圆	逻辑推理;数学抽象;数学运算;直观想象	水平1-2	
2014	shanghai_science	23	数列	函数	选择性必修	数列;不等式与方程;复数	逻辑推理;数学运算;数学抽象	水平2-3	
2014	shanghai_spring	1	未分类						无可匹配关键词
2014	shanghai_spring	2	复数	几何与代数	必修	复数	数学运算;数学抽象	水平1-2	
2014	shanghai_spring	3	统计	概率与统计	选择性必修	统计	数据分析;数学建模	水平2-3	
2014	shanghai_spring	4	函数概念与性质	函数	必修	函数概念与性质	数学抽象;数学运算	水平1-2	
2014	shanghai_spring	5	空间向量与立体几何	几何与代数	选择性必修	空间向量与立体几何;直线与圆	直观想象;数学运算	水平2-3	
2014	shanghai_spring	6	函数概念与性质	函数	必修	函数概念与性质	数学抽象;数学运算	水平1-2	
2014	shanghai_spring	7	数列	函数	选择性必修	数列	逻辑推理;数学运算	水平2-3	
2014	shanghai_spring	8	三角函数	函数	必修	三角函数	数学运算;直观想象	水平1-2	
2014	shanghai_spring	9	不等式与方程	函数	必修	不等式与方程	数学运算;逻辑推理	水平1-2	
2014	shanghai_spring	10	概率	概率与统计	选择性必修	概率	数据分析;数学运算;逻辑推理	水平2-3	
2014	shanghai_spring	11	空间向量与立体几何	几何与代数	选择性必修	空间向量与立体几何	直观想象;数学运算	水平2-3	
2014	shanghai_spring	12	函数概念与性质	函数	必修	函数概念与性质;平面向量	数学抽象;数学运算;直观想象	水平1-2	
2014	shanghai_spring	13	立体几何初步	几何与代数	必修	立体几何初步;直线与圆	直观想象;数学运算	水平1-2	
2014	shanghai_spring	14	复数	几何与代数	必修	复数	数学运算;数学抽象	水平1-2	
2014	shanghai_spring	15	三角函数	函数	必修	三角函数	数学运算;直观想象	水平1-2	
2014	shanghai_spring	16	计数原理	概率与统计	选择性必修	计数原理	逻辑推理;数学运算	水平2-3	
2014	shanghai_spring	17	三角函数	函数	必修	三角函数	数学运算;直观想象	水平1-2	
2014	shanghai_spring	18	三角函数	函数	必修	三角函数	数学运算;直观想象	水平1-2	
2014	shanghai_spring	19	函数概念与性质	函数	必修	函数概念与性质	数学抽象;数学运算	水平1-2	
2014	shanghai_spring	20	不等式与方程	函数	必修	不等式与方程	数学运算;逻辑推理	水平1-2	
2014	shanghai_spring	21	立体几何初步	几何与代数	必修	立体几何初步	直观想象;数学运算	水平1-2	
2014	shanghai_spring	22	数列	函数	选择性必修	数列	逻辑推理;数学运算	水平2-3	
2014	shanghai_spring	23	常用逻辑用语	函数	必修	常用逻辑用语;平面向量	逻辑推理;数学抽象;数学运算;直观想象	水平1-2	
2014	shanghai_spring	24	直线与圆	几何与代数	选择性必修	直线与圆;圆锥曲线;立体几何初步;空间向量与立体几何	直观想象;数学运算;逻辑推理	水平2-3	
2014	shanghai_spring	25	集合	函数	必修	集合;不等式与方程;基本初等函数;函数概念与性质	数学抽象;数学运算;逻辑推理	水平1-2	
2014	shanghai_spring	26	不等式与方程	函数	必修	不等式与方程;函数概念与性质	数学运算;逻辑推理;数学抽象	水平1-2	
2014	shanghai_spring	27	立体几何初步	几何与代数	必修	立体几何初步;三角函数;直线与圆	直观想象;数学运算	水平1-2	
2014	shanghai_spring	28	平面向量	几何与代数	必修	平面向量;直线与圆;圆锥曲线;复数	数学运算;直观想象;逻辑推理	水平1-2	
2014	shanghai_spring	29	圆锥曲线	几何与代数	选择性必修	圆锥曲线;三角函数;数列;微积分（选修）;复数	直观想象;数学运算;逻辑推理	水平2-3	
2014	shanghai_spring	30	直线与圆	几何与代数	选择性必修	直线与圆;常用逻辑用语;圆锥曲线	直观想象;数学运算;逻辑推理;数学抽象	水平2-3	
2014	shanghai_spring	31	直线与圆	几何与代数	选择性必修	直线与圆;空间向量与立体几何	直观想象;数学运算	水平2-3	
2014	shanghai_spring	32	常用逻辑用语	函数	必修	常用逻辑用语;函数概念与性质;导数;复数	逻辑推理;数学抽象;数学运算	水平1-2	
2015	shanghai_liberal	1	三角函数	函数	必修	三角函数;不等式与方程;函数概念与性质	数学运算;直观想象;逻辑推理;数学抽象	水平1-2	
2015	shanghai_liberal	2	集合	函数	必修	集合	数学抽象;数学运算	水平1-2	
2015	shanghai_liberal	3	复数	几何与代数	必修	复数	数学运算;数学抽象	水平1-2	
2015	shanghai_liberal	4	函数概念与性质	函数	必修	函数概念与性质	数学抽象;数学运算	水平1-2	
2015	shanghai_liberal	5	不等式与方程	函数	必修	不等式与方程;矩阵与变换	数学运算;逻辑推理;数学抽象	水平1-2	
2015	shanghai_liberal	6	立体几何初步	几何与代数	必修	立体几何初步	直观想象;数学运算	水平1-2	
2015	shanghai_liberal	7	不等式与方程	函数	必修	不等式与方程;圆锥曲线;空间向量与立体几何	数学运算;逻辑推理;直观想象	水平1-2	
2015	shanghai_liberal	8	基本初等函数	函数	必修	基本初等函数	数学运算;数学抽象	水平1-2	
2015	shanghai_liberal	9	不等式与方程	函数	必修	不等式与方程;最优化	数学运算;逻辑推理;数学建模	水平1-2	
2015	shanghai_liberal	10	计数原理	概率与统计	选择性必修	计数原理	逻辑推理;数学运算	水平2-3	
2015	shanghai_liberal	11	计数原理	概率与统计	选择性必修	计数原理	逻辑推理;数学运算	水平2-3	
2015	shanghai_liberal	12	圆锥曲线	几何与代数	选择性必修	圆锥曲线;直线与圆	直观想象;数学运算;逻辑推理	水平2-3	
2015	shanghai_liberal	13	不等式与方程	函数	必修	不等式与方程;平面向量	数学运算;逻辑推理;直观想象	水平1-2	
2015	shanghai_liberal	14	三角函数	函数	必修	三角函数;不等式与方程;常用逻辑用语;函数概念与性质	数学运算;直观想象;逻辑推理;数学抽象	水平1-2	
2015	shanghai_liberal	15	常用逻辑用语	函数	必修	常用逻辑用语	逻辑推理;数学抽象	水平1-2	
2015	shanghai_liberal	16	不等式与方程	函数	必修	不等式与方程	数学运算;逻辑推理	水平1-2	
2015	shanghai_liberal	17	平面向量	几何与代数	必修	平面向量	数学运算;直观想象	水平1-2	
2015	shanghai_liberal	18	微积分（选修）	函数	选修	微积分（选修）;直线与圆;三角函数	数学运算;数学抽象;直观想象	水平3	
2015	shanghai_liberal	19	直线与圆	几何与代数	选择性必修	直线与圆;立体几何初步;三角函数	直观想象;数学运算	水平2-3	
2015	shanghai_liberal	20	函数概念与性质	函数	必修	函数概念与性质;导数;复数	数学抽象;数学运算;逻辑推理	水平1-2	
2015	shanghai_liberal	21	不等式与方程	函数	必修	不等式与方程;复数;空间向量与立体几何	数学运算;逻辑推理;数学抽象;直观想象	水平1-2	
2015	shanghai_liberal	22	直线与圆	几何与代数	选择性必修	直线与圆;三角函数;平面向量;复数;空间向量与立体几何;圆锥曲线	直观想象;数学运算	水平2-3	
2015	shanghai_liberal	23	数列	函数	选择性必修	数列;不等式与方程;复数;计数原理	逻辑推理;数学运算;数学抽象	水平2-3	
2015	shanghai_science	1	集合	函数	必修	集合	数学抽象;数学运算	水平1-2	
2015	shanghai_science	2	复数	几何与代数	必修	复数	数学运算;数学抽象	水平1-2	
2015	shanghai_science	3	不等式与方程	函数	必修	不等式与方程;矩阵与变换	数学运算;逻辑推理;数学抽象	水平1-2	
2015	shanghai_science	4	立体几何初步	几何与代数	必修	立体几何初步	直观想象;数学运算	水平1-2	
2015	shanghai_science	5	不等式与方程	函数	必修	不等式与方程;圆锥曲线;空间向量与立体几何	数学运算;逻辑推理;直观想象	水平1-2	
2015	shanghai_science	6	立体几何初步	几何与代数	必修	立体几何初步;空间向量与立体几何;直线与圆	直观想象;数学运算	水平1-2	
2015	shanghai_science	7	基本初等函数	函数	必修	基本初等函数	数学运算;数学抽象	水平1-2	
2015	shanghai_science	8	计数原理	概率与统计	选择性必修	计数原理	逻辑推理;数学运算	水平2-3	
2015	shanghai_science	9	圆锥曲线	几何与代数	选择性必修	圆锥曲线;平面向量	直观想象;数学运算;逻辑推理	水平2-3	
2015	shanghai_science	10	不等式与方程	函数	必修	不等式与方程;函数概念与性质	数学运算;逻辑推理;数学抽象	水平1-2	
2015	shanghai_science	11	计数原理	概率与统计	选择性必修	计数原理	逻辑推理;数学运算	水平2-3	
2015	shanghai_science	12	概率	概率与统计	选择性必修	概率	数据分析;数学运算;逻辑推理	水平2-3	
2015	shanghai_science	13	三角函数	函数	必修	三角函数;不等式与方程;常用逻辑用语;函数概念与性质	数学运算;直观想象;逻辑推理;数学抽象	水平1-2	
2015	shanghai_science	14	三角函数	函数	必修	三角函数;平面向量	数学运算;直观想象	水平1-2	
2015	shanghai_science	15	常用逻辑用语	函数	必修	常用逻辑用语;复数	逻辑推理;数学抽象;数学运算	水平1-2	
2015	shanghai_science	16	平面向量	几何与代数	必修	平面向量	数学运算;直观想象	水平1-2	
2015	shanghai_science	17	数列	函数	选择性必修	数列	逻辑推理;数学运算	水平2-3	
2015	shanghai_science	18	微积分（选修）	函数	选修	微积分（选修）;直线与圆;三角函数	数学运算;数学抽象;直观想象	水平3	
2015	shanghai_science	19	直线与圆	几何与代数	选择性必修	直线与圆;三角函数;立体几何初步	直观想象;数学运算	水平2-3	
2015	shanghai_science	20	不等式与方程	函数	必修	不等式与方程;复数;空间向量与立体几何	数学运算;逻辑推理;数学抽象;直观想象	水平1-2	
2015	shanghai_science	21	直线与圆	几何与代数	选择性必修	直线与圆;平面向量;复数;立体几何初步;空间向量与立体几何;圆锥曲线	直观想象;数学运算;数学抽象	水平2-3	
2015	shanghai_science	22	不等式与方程	函数	必修	不等式与方程;数列;复数;计数原理	数学运算;逻辑推理;数学抽象	水平1-2	
2015	shanghai_science	23	三角函数	函数	必修	三角函数;常用逻辑用语;函数概念与性质;基本初等函数;导数;复数;直线与圆	数学运算;直观想象;逻辑推理;数学抽象	水平1-2	
2015	shanghai_spring	1	集合	函数	必修	集合	数学抽象;数学运算	水平1-2	
2015	shanghai_spring	2	复数	几何与代数	必修	复数	数学运算;数学抽象	水平1-2	
2015	shanghai_spring	3	三角函数	函数	必修	三角函数;不等式与方程;直线与圆	数学运算;直观想象;逻辑推理	水平1-2	
2015	shanghai_spring	4	微积分（选修）	函数	选修	微积分（选修）	数学运算;数学抽象	水平3	
2015	shanghai_spring	5	直线与圆	几何与代数	选择性必修	直线与圆	直观想象;数学运算	水平2-3	
2015	shanghai_spring	6	平面向量	几何与代数	必修	平面向量;立体几何初步	数学运算;直观想象	水平1-2	
2015	shanghai_spring	7	不等式与方程	函数	必修	不等式与方程;函数概念与性质	数学运算;逻辑推理;数学抽象	水平1-2	
2015	shanghai_spring	8	不等式与方程	函数	必修	不等式与方程;矩阵与变换	数学运算;逻辑推理;数学抽象	水平1-2	
2015	shanghai_spring	9	基本初等函数	函数	必修	基本初等函数;不等式与方程;函数概念与性质;算法与程序框图	数学运算;数学抽象;逻辑推理	水平1-2	
2015	shanghai_spring	10	计数原理	概率与统计	选择性必修	计数原理;数列	逻辑推理;数学运算	水平2-3	
2015	shanghai_spring	11	集合	函数	必修	集合;计数原理	数学抽象;数学运算;逻辑推理	水平1-2	
2015	shanghai_spring	12	直线与圆	几何与代数	选择性必修	直线与圆;平面向量;空间向量与立体几何	直观想象;数学运算	水平2-3	
2015	shanghai_spring	13	不等式与方程	函数	必修	不等式与方程;常用逻辑用语	数学运算;逻辑推理;数学抽象	水平1-2	
2015	shanghai_spring	14	函数概念与性质	函数	必修	函数概念与性质	数学抽象;数学运算	水平1-2	
2015	shanghai_spring	15	不等式与方程	函数	必修	不等式与方程;基本初等函数	数学运算;逻辑推理;数学抽象	水平1-2	
2015	shanghai_spring	16	函数概念与性质	函数	必修	函数概念与性质;导数	数学抽象;数学运算;逻辑推理	水平1-2	
2015	shanghai_spring	17	直线与圆	几何与代数	选择性必修	直线与圆;三角函数	直观想象;数学运算	水平2-3	
2015	shanghai_spring	18	直线与圆	几何与代数	选择性必修	直线与圆;立体几何初步	直观想象;数学运算	水平2-3	
2015	shanghai_spring	19	圆锥曲线	几何与代数	选择性必修	圆锥曲线;直线与圆	直观想象;数学运算;逻辑推理	水平2-3	
2015	shanghai_spring	20	复数	几何与代数	必修	复数;直线与圆;立体几何初步;空间向量与立体几何;圆锥曲线	数学运算;数学抽象;直观想象	水平1-2	
2015	shanghai_spring	21	不等式与方程	函数	必修	不等式与方程;数列;导数;计数原理	数学运算;逻辑推理	水平1-2	
2015	shanghai_spring	22	不等式与方程	函数	必修	不等式与方程	数学运算;逻辑推理	水平1-2	
2015	shanghai_spring	23	计数原理	概率与统计	选择性必修	计数原理;数列	逻辑推理;数学运算	水平2-3	
2015	shanghai_spring	24	集合	函数	必修	集合;常用逻辑用语	数学抽象;数学运算;逻辑推理	水平1-2	
2015	shanghai_spring	25	立体几何初步	几何与代数	必修	立体几何初步;三角函数	直观想象;数学运算	水平1-2	
2015	shanghai_spring	26	不等式与方程	函数	必修	不等式与方程;函数概念与性质;常用逻辑用语	数学运算;逻辑推理;数学抽象	水平1-2	
2015	shanghai_spring	27	三角函数	函数	必修	三角函数;平面向量	数学运算;直观想象	水平1-2	
2015	shanghai_spring	28	平面向量	几何与代数	必修	平面向量;空间向量与立体几何;圆锥曲线;常用逻辑用语;复数;直线与圆	数学运算;直观想象;逻辑推理	水平1-2	
2015	shanghai_spring	29	不等式与方程	函数	必修	不等式与方程;数列;函数概念与性质;复数;计数原理	数学运算;逻辑推理;数学抽象	水平1-2	
2015	shanghai_spring	30	常用逻辑用语	函数	必修	常用逻辑用语;集合	逻辑推理;数学抽象;数学运算	水平1-2	
2015	shanghai_spring	31	不等式与方程	函数	必修	不等式与方程	数学运算;逻辑推理	水平1-2	
2015	shanghai_spring	32	数列	函数	选择性必修	数列;三角函数;基本初等函数;计数原理	逻辑推理;数学运算;直观想象;数学抽象	水平2-3	
2015	shanghai_spring	33	复数	几何与代数	必修	复数;圆锥曲线;不等式与方程;空间向量与立体几何;直线与圆;计数原理	数学运算;数学抽象;直观想象;逻辑推理	水平1-2	
2015	shanghai_spring	34	直线与圆	几何与代数	选择性必修	直线与圆;平面向量	直观想象;数学运算	水平2-3	
2015	shanghai_spring	35	函数概念与性质	函数	必修	函数概念与性质;常用逻辑用语;基本初等函数	数学抽象;数学运算;逻辑推理	水平1-2	
2015	shanghai_spring	36	三角函数	函数	必修	三角函数;函数概念与性质;集合;常用逻辑用语;不等式与方程;基本初等函数;导数;复数;直线与圆	数学运算;直观想象;数学抽象	水平1-2	
2016	shanghai_liberal	1	不等式与方程	函数	必修	不等式与方程;基本初等函数	数学运算;逻辑推理;数学抽象	水平1-2	
2016	shanghai_liberal	2	复数	几何与代数	必修	复数	数学运算;数学抽象	水平1-2	
2016	shanghai_liberal	3	立体几何初步	几何与代数	必修	立体几何初步;空间向量与立体几何;直线与圆	直观想象;数学运算	水平1-2	
2016	shanghai_liberal	4	统计	概率与统计	选择性必修	统计	数据分析;数学建模	水平2-3	
2016	shanghai_liberal	5	三角函数	函数	必修	三角函数;不等式与方程;函数概念与性质	数学运算;直观想象;逻辑推理;数学抽象	水平1-2	
2016	shanghai_liberal	6	函数概念与性质	函数	必修	函数概念与性质	数学抽象;数学运算	水平1-2	
2016	shanghai_liberal	7	不等式与方程	函数	必修	不等式与方程	数学运算;逻辑推理	水平1-2	
2016	shanghai_liberal	8	三角函数	函数	必修	三角函数;基本初等函数	数学运算;直观想象;数学抽象	水平1-2	
2016	shanghai_liberal	9	计数原理	概率与统计	选择性必修	计数原理	逻辑推理;数学运算	水平2-3	
2016	shanghai_liberal	10	直线与圆	几何与代数	选择性必修	直线与圆;三角函数	直观想象;数学运算	水平2-3	
2016	shanghai_liberal	11	计数原理	概率与统计	选择性必修	计数原理;概率	逻辑推理;数学运算;数据分析	水平2-3	
2016	shanghai_liberal	12	平面向量	几何与代数	必修	平面向量	数学运算;直观想象	水平1-2	
2016	shanghai_liberal	13	不等式与方程	函数	必修	不等式与方程	数学运算;逻辑推理	水平1-2	
2016	shanghai_liberal	14	不等式与方程	函数	必修	不等式与方程;数列;计数原理	数学运算;逻辑推理	水平1-2	
2016	shanghai_liberal	15	常用逻辑用语	函数	必修	常用逻辑用语	逻辑推理;数学抽象	水平1-2	
2016	shanghai_liberal	16	立体几何初步	几何与代数	必修	立体几何初步;直线与圆	直观想象;数学运算	水平1-2	
2016	shanghai_liberal	17	常用逻辑用语	函数	必修	常用逻辑用语;三角函数;基本初等函数	逻辑推理;数学抽象;数学运算;直观想象	水平1-2	
2016	shanghai_liberal	18	函数概念与性质	函数	必修	函数概念与性质;常用逻辑用语;三角函数;复数	数学抽象;数学运算;逻辑推理;直观想象	水平1-2	
2016	shanghai_liberal	19	立体几何初步	几何与代数	必修	立体几何初步;直线与圆;复数	直观想象;数学运算;数学抽象	水平1-2	
2016	shanghai_liberal	20	平面向量	几何与代数	必修	平面向量;复数;空间向量与立体几何;直线与圆	数学运算;直观想象;数学抽象	水平1-2	
2016	shanghai_liberal	21	圆锥曲线	几何与代数	选择性必修	圆锥曲线;直线与圆;常用逻辑用语;三角函数;复数	直观想象;数学运算;逻辑推理;数学抽象	水平2-3	
2016	shanghai_liberal	22	数列	函数	选择性必修	数列;集合;常用逻辑用语;导数;复数;计数原理	逻辑推理;数学运算;数学抽象	水平2-3	
2016	shanghai_liberal	23	不等式与方程	函数	必修	不等式与方程;基本初等函数;集合;函数概念与性质;复数	数学运算;逻辑推理;数学抽象	水平1-2	
2016	shanghai_science	1	不等式与方程	函数	必修	不等式与方程;基本初等函数	数学运算;逻辑推理;数学抽象	水平1-2	
2016	shanghai_science	2	复数	几何与代数	必修	复数	数学运算;数学抽象	水平1-2	
2016	shanghai_science	3	立体几何初步	几何与代数	必修	立体几何初步;空间向量与立体几何;直线与圆	直观想象;数学运算	水平1-2	
2016	shanghai_science	4	统计	概率与统计	选择性必修	统计	数据分析;数学建模	水平2-3	
2016	shanghai_science	5	函数概念与性质	函数	必修	函数概念与性质	数学抽象;数学运算	水平1-2	
2016	shanghai_science	6	三角函数	函数	必修	三角函数;立体几何初步	数学运算;直观想象	水平1-2	
2016	shanghai_science	7	三角函数	函数	必修	三角函数;基本初等函数	数学运算;直观想象;数学抽象	水平1-2	
2016	shanghai_science	8	计数原理	概率与统计	选择性必修	计数原理	逻辑推理;数学运算	水平2-3	
2016	shanghai_science	9	直线与圆	几何与代数	选择性必修	直线与圆;三角函数	直观想象;数学运算	水平2-3	
2016	shanghai_science	10	不等式与方程	函数	必修	不等式与方程	数学运算;逻辑推理	水平1-2	
2016	shanghai_science	11	不等式与方程	函数	必修	不等式与方程;数列;计数原理	数学运算;逻辑推理	水平1-2	
2016	shanghai_science	12	平面向量	几何与代数	必修	平面向量	数学运算;直观想象	水平1-2	
2016	shanghai_science	13	常用逻辑用语	函数	必修	常用逻辑用语;三角函数	逻辑推理;数学抽象;数学运算;直观想象	水平1-2	
2016	shanghai_science	14	平面向量	几何与代数	必修	平面向量;三角函数;立体几何初步;概率	数学运算;直观想象	水平1-2	
2016	shanghai_science	15	常用逻辑用语	函数	必修	常用逻辑用语	逻辑推理;数学抽象	水平1-2	
2016	shanghai_science	16	三角函数	函数	必修	三角函数;参数方程与极坐标;平面向量	数学运算;直观想象	水平1-2	
2016	shanghai_science	17	数列	函数	选择性必修	数列;微积分（选修）;常用逻辑用语;不等式与方程;计数原理	逻辑推理;数学运算;数学抽象	水平2-3	
2016	shanghai_science	18	函数概念与性质	函数	必修	函数概念与性质;常用逻辑用语;三角函数;复数	数学抽象;数学运算;逻辑推理;直观想象	水平1-2	
2016	shanghai_science	19	立体几何初步	几何与代数	必修	立体几何初步;直线与圆;复数	直观想象;数学运算;数学抽象	水平1-2	
2016	shanghai_science	20	平面向量	几何与代数	必修	平面向量;复数;空间向量与立体几何;直线与圆	数学运算;直观想象;数学抽象	水平1-2	
2016	shanghai_science	21	圆锥曲线	几何与代数	选择性必修	圆锥曲线;直线与圆;常用逻辑用语;三角函数;平面向量;复数	直观想象;数学运算;逻辑推理;数学抽象	水平2-3	
2016	shanghai_science	22	不等式与方程	函数	必修	不等式与方程;基本初等函数;集合;函数概念与性质;复数	数学运算;逻辑推理;数学抽象	水平1-2	
2016	shanghai_science	23	数列	函数	选择性必修	数列;常用逻辑用语;三角函数;复数;计数原理	逻辑推理;数学运算;数学抽象;直观想象	水平2-3	
2016	shanghai_spring	1	复数	几何与代数	必修	复数	数学运算;数学抽象	水平1-2	
2016	shanghai_spring	2	基本初等函数	函数	必修	基本初等函数	数学运算;数学抽象	水平1-2	
2016	shanghai_spring	3	空间向量与立体几何	几何与代数	选择性必修	空间向量与立体几何;直线与圆	直观想象;数学运算	水平2-3	
2016	shanghai_spring	4	函数概念与性质	函数	必修	函数概念与性质	数学抽象;数学运算	水平1-2	
2016	shanghai_spring	5	集合	函数	必修	集合;矩阵与变换	数学抽象;数学运算	水平1-2	
2016	shanghai_spring	6	函数概念与性质	函数	必修	函数概念与性质	数学抽象;数学运算	水平1-2	
2016	shanghai_spring	7	三角函数	函数	必修	三角函数	数学运算;直观想象	水平1-2	
2016	shanghai_spring	8	计数原理	概率与统计	选择性必修	计数原理	逻辑推理;数学运算	水平2-3	
2016	shanghai_spring	9	数列	函数	选择性必修	数列;计数原理	逻辑推理;数学运算	水平2-3	
2016	shanghai_spring	10	复数	几何与代数	必修	复数;不等式与方程;计数原理	数学运算;数学抽象;逻辑推理	水平1-2	
2016	shanghai_spring	11	不等式与方程	函数	必修	不等式与方程	数学运算;逻辑推理	水平1-2	
2016	shanghai_spring	12	不等式与方程	函数	必修	不等式与方程;平面向量;直线与圆	数学运算;逻辑推理;直观想象	水平1-2	
2016	shanghai_spring	13	三角函数	函数	必修	三角函数;集合	数学运算;直观想象;数学抽象	水平1-2	
2016	shanghai_spring	14	立体几何初步	几何与代数	必修	立体几何初步;直线与圆	直观想象;数学运算	水平1-2	
2016	shanghai_spring	15	计数原理	概率与统计	选择性必修	计数原理	逻辑推理;数学运算	水平2-3	
2016	shanghai_spring	16	基本初等函数	函数	必修	基本初等函数	数学运算;数学抽象	水平1-2	
2016	shanghai_spring	17	平面向量	几何与代数	必修	平面向量	数学运算;直观想象	水平1-2	
2016	shanghai_spring	18	立体几何初步	几何与代数	必修	立体几何初步;直线与圆	直观想象;数学运算	水平1-2	
2016	shanghai_spring	19	数列	函数	选择性必修	数列	逻辑推理;数学运算	水平2-3	
2016	shanghai_spring	20	圆锥曲线	几何与代数	选择性必修	圆锥曲线	直观想象;数学运算;逻辑推理	水平2-3	
2016	shanghai_spring	21	常用逻辑用语	函数	必修	常用逻辑用语;函数概念与性质	逻辑推理;数学抽象;数学运算	水平1-2	
2016	shanghai_spring	22	不等式与方程	函数	必修	不等式与方程	数学运算;逻辑推理	水平1-2	
2016	shanghai_spring	23	立体几何初步	几何与代数	必修	立体几何初步;平面向量;复数	直观想象;数学运算;数学抽象	水平1-2	
2016	shanghai_spring	24	常用逻辑用语	函数	必修	常用逻辑用语;平面向量;直线与圆;圆锥曲线	逻辑推理;数学抽象;数学运算;直观想象	水平1-2	
2016	shanghai_spring	25	立体几何初步	几何与代数	必修	立体几何初步;直线与圆	直观想象;数学运算	水平1-2	
2016	shanghai_spring	26	三角函数	函数	必修	三角函数;不等式与方程;函数概念与性质	数学运算;直观想象;逻辑推理;数学抽象	水平1-2	
2016	shanghai_spring	27	立体几何初步	几何与代数	必修	立体几何初步;圆锥曲线;空间向量与立体几何;直线与圆	直观想象;数学运算;逻辑推理	水平1-2	
2016	shanghai_spring	28	数列	函数	选择性必修	数列;不等式与方程;复数;计数原理	逻辑推理;数学运算;数学抽象	水平2-3	
2016	shanghai_spring	29	集合	函数	必修	集合;函数概念与性质;复数	数学抽象;数学运算	水平1-2	
2016	shanghai_spring	30	函数概念与性质	函数	必修	函数概念与性质;三角函数	数学抽象;数学运算;直观想象	水平1-2	
2016	shanghai_spring	31	直线与圆	几何与代数	选择性必修	直线与圆;复数	直观想象;数学运算;数学抽象	水平2-3	
2016	shanghai_spring	32	函数概念与性质	函数	必修	函数概念与性质;直线与圆	数学抽象;数学运算;直观想象	水平1-2	
2016	shanghai_spring	33	直线与圆	几何与代数	选择性必修	直线与圆;圆锥曲线	直观想象;数学运算;逻辑推理	水平2-3	
2016	shanghai_spring	34	空间向量与立体几何	几何与代数	选择性必修	空间向量与立体几何;直线与圆	直观想象;数学运算	水平2-3	
2016	shanghai_spring	35	数列	函数	选择性必修	数列;计数原理	逻辑推理;数学运算	水平2-3	
2016	shanghai_spring	36	数列	函数	选择性必修	数列;集合;常用逻辑用语;基本初等函数;复数;计数原理	逻辑推理;数学运算;数学抽象	水平2-3	
2017	shanghai	1	集合	函数	必修	集合	数学抽象;数学运算	水平1-2	
2017	shanghai	2	计数原理	概率与统计	选择性必修	计数原理	逻辑推理;数学运算	水平2-3	
2017	shanghai	3	不等式与方程	函数	必修	不等式与方程;基本初等函数	数学运算;逻辑推理;数学抽象	水平1-2	
2017	shanghai	4	立体几何初步	几何与代数	必修	立体几何初步	直观想象;数学运算	水平1-2	
2017	shanghai	5	复数	几何与代数	必修	复数	数学运算;数学抽象	水平1-2	
2017	shanghai	6	圆锥曲线	几何与代数	选择性必修	圆锥曲线	直观想象;数学运算;逻辑推理	水平2-3	
2017	shanghai	7	平面向量	几何与代数	必修	平面向量;立体几何初步;空间向量与立体几何;直线与圆	数学运算;直观想象	水平1-2	
2017	shanghai	8	函数概念与性质	函数	必修	函数概念与性质;基本初等函数	数学抽象;数学运算	水平1-2	
2017	shanghai	9	复数	几何与代数	必修	复数;计数原理;概率	数学运算;数学抽象;逻辑推理;数据分析	水平1-2	
2017	shanghai	10	数列	函数	选择性必修	数列;计数原理	逻辑推理;数学运算	水平2-3	
2017	shanghai	11	三角函数	函数	必修	三角函数;不等式与方程	数学运算;直观想象;逻辑推理	水平1-2	
2017	shanghai	12	集合	函数	必修	集合;空间向量与立体几何;直线与圆;概率	数学抽象;数学运算;直观想象	水平1-2	
2017	shanghai	13	不等式与方程	函数	必修	不等式与方程;计数原理;矩阵与变换	数学运算;逻辑推理;数学抽象	水平1-2	
2017	shanghai	14	数列	函数	选择性必修	数列;微积分（选修）;常用逻辑用语;计数原理	逻辑推理;数学运算;数学抽象	水平2-3	
2017	shanghai	15	常用逻辑用语	函数	必修	常用逻辑用语;数列	逻辑推理;数学抽象;数学运算	水平1-2	
2017	shanghai	16	不等式与方程	函数	必修	不等式与方程;平面向量;集合;直线与圆;圆锥曲线	数学运算;逻辑推理;直观想象;数学抽象	水平1-2	
2017	shanghai	17	立体几何初步	几何与代数	必修	立体几何初步;复数;直线与圆	直观想象;数学运算;数学抽象	水平1-2	
2017	shanghai	18	三角函数	函数	必修	三角函数;函数概念与性质;导数;复数	数学运算;直观想象;数学抽象;逻辑推理	水平1-2	
2017	shanghai	19	不等式与方程	函数	必修	不等式与方程;数列;复数;计数原理	数学运算;逻辑推理;数学抽象	水平1-2	
2017	shanghai	20	平面向量	几何与代数	必修	平面向量;直线与圆;三角函数;复数;圆锥曲线	数学运算;直观想象	水平1-2	
2017	shanghai	21	常用逻辑用语	函数	必修	常用逻辑用语;不等式与方程;三角函数;函数概念与性质;复数	逻辑推理;数学抽象;数学运算;直观想象	水平1-2	
2017	shanghai_spring	1	集合	函数	必修	集合	数学抽象;数学运算	水平1-2	
2017	shanghai_spring	2	不等式与方程	函数	必修	不等式与方程;基本初等函数	数学运算;逻辑推理;数学抽象	水平1-2	
2017	shanghai_spring	3	复数	几何与代数	必修	复数	数学运算;数学抽象	水平1-2	
2017	shanghai_spring	4	三角函数	函数	必修	三角函数	数学运算;直观想象	水平1-2	
2017	shanghai_spring	5	不等式与方程	函数	必修	不等式与方程	数学运算;逻辑推理	水平1-2	
2017	shanghai_spring	6	数列	函数	选择性必修	数列;计数原理	逻辑推理;数学运算	水平2-3	
2017	shanghai_spring	7	不等式与方程	函数	必修	不等式与方程;直线与圆	数学运算;逻辑推理;直观想象	水平1-2	
2017	shanghai_spring	8	数列	函数	选择性必修	数列;微积分（选修）;计数原理	逻辑推理;数学运算;数学抽象	水平2-3	
2017	shanghai_spring	9	计数原理	概率与统计	选择性必修	计数原理	逻辑推理;数学运算	水平2-3	
2017	shanghai_spring	10	圆锥曲线	几何与代数	选择性必修	圆锥曲线;三角函数;直线与圆	直观想象;数学运算;逻辑推理	水平2-3	
2017	shanghai_spring	11	计数原理	概率与统计	选择性必修	计数原理	逻辑推理;数学运算	水平2-3	
2017	shanghai_spring	12	函数概念与性质	函数	必修	函数概念与性质	数学抽象;数学运算	水平1-2	
2017	shanghai_spring	13	函数概念与性质	函数	必修	函数概念与性质;导数	数学抽象;数学运算;逻辑推理	水平1-2	
2017	shanghai_spring	14	常用逻辑用语	函数	必修	常用逻辑用语	逻辑推理;数学抽象	水平1-2	
2017	shanghai_spring	15	立体几何初步	几何与代数	必修	立体几何初步	直观想象;数学运算	水平1-2	
2017	shanghai_spring	16	平面向量	几何与代数	必修	平面向量;立体几何初步	数学运算;直观想象	水平1-2	
2017	shanghai_spring	17	立体几何初步	几何与代数	必修	立体几何初步;复数;直线与圆	直观想象;数学运算;数学抽象	水平1-2	
2017	shanghai_spring	18	函数概念与性质	函数	必修	函数概念与性质;复数	数学抽象;数学运算	水平1-2	
2017	shanghai_spring	19	直线与圆	几何与代数	选择性必修	直线与圆;复数	直观想象;数学运算;数学抽象	水平2-3	
2017	shanghai_spring	20	圆锥曲线	几何与代数	选择性必修	圆锥曲线;平面向量;复数;直线与圆	直观想象;数学运算;逻辑推理;数学抽象	水平2-3	
2017	shanghai_spring	21	基本初等函数	函数	必修	基本初等函数;函数概念与性质;数列;复数	数学运算;数学抽象;逻辑推理	水平1-2	
2018	shanghai	1	矩阵与变换	几何与代数	选修	矩阵与变换	数学运算;数学抽象	水平3	
2018	shanghai	2	圆锥曲线	几何与代数	选择性必修	圆锥曲线	直观想象;数学运算;逻辑推理	水平2-3	
2018	shanghai	3	计数原理	概率与统计	选择性必修	计数原理	逻辑推理;数学运算	水平2-3	
2018	shanghai	4	函数概念与性质	函数	必修	函数概念与性质;基本初等函数	数学抽象;数学运算	水平1-2	
2018	shanghai	5	复数	几何与代数	必修	复数	数学运算;数学抽象	水平1-2	
2018	shanghai	6	数列	函数	选择性必修	数列;计数原理	逻辑推理;数学运算	水平2-3	
2018	shanghai	7	基本初等函数	函数	必修	基本初等函数;函数概念与性质	数学运算;数学抽象	水平1-2	
2018	shanghai	8	不等式与方程	函数	必修	不等式与方程;平面向量	数学运算;逻辑推理;直观想象	水平1-2	
2018	shanghai	9	计数原理	概率与统计	选择性必修	计数原理;概率	逻辑推理;数学运算;数据分析	水平2-3	
2018	shanghai	10	数列	函数	选择性必修	数列;微积分（选修）;计数原理	逻辑推理;数学运算;数学抽象	水平2-3	
2018	shanghai	11	函数概念与性质	函数	必修	函数概念与性质	数学抽象;数学运算	水平1-2	
2018	shanghai	12	不等式与方程	函数	必修	不等式与方程	数学运算;逻辑推理	水平1-2	
2018	shanghai	13	圆锥曲线	几何与代数	选择性必修	圆锥曲线;空间向量与立体几何;直线与圆	直观想象;数学运算;逻辑推理	水平2-3	
2018	shanghai	14	常用逻辑用语	函数	必修	常用逻辑用语	逻辑推理;数学抽象	水平1-2	
2018	shanghai	15	立体几何初步	几何与代数	必修	立体几何初步	直观想象;数学运算	水平1-2	
2018	shanghai	16	函数概念与性质	函数	必修	函数概念与性质	数学抽象;数学运算	水平1-2	
2018	shanghai	17	直线与圆	几何与代数	选择性必修	直线与圆;立体几何初步;复数	直观想象;数学运算;数学抽象	水平2-3	
2018	shanghai	18	三角函数	函数	必修	三角函数;函数概念与性质;基本初等函数;复数	数学运算;直观想象;数学抽象	水平1-2	
2018	shanghai	19	函数概念与性质	函数	必修	函数概念与性质;导数;复数	数学抽象;数学运算;逻辑推理	水平1-2	
2018	shanghai	20	常用逻辑用语	函数	必修	常用逻辑用语;三角函数;平面向量;复数;空间向量与立体几何;直线与圆	逻辑推理;数学抽象;数学运算;直观想象	水平1-2	
2018	shanghai	21	数列	函数	选择性必修	数列;集合;常用逻辑用语;复数;计数原理	逻辑推理;数学运算;数学抽象	水平2-3	
2018	shanghai_spring	1	不等式与方程	函数	必修	不等式与方程;基本初等函数	数学运算;逻辑推理;数学抽象	水平1-2	
2018	shanghai_spring	2	微积分（选修）	函数	选修	微积分（选修）	数学运算;数学抽象	水平3	
2018	shanghai_spring	3	集合	函数	必修	集合	数学抽象;数学运算	水平1-2	
2018	shanghai_spring	4	复数	几何与代数	必修	复数	数学运算;数学抽象	水平1-2	
2018	shanghai_spring	5	数列	函数	选择性必修	数列;计数原理	逻辑推理;数学运算	水平2-3	
2018	shanghai_spring	6	空间向量与立体几何	几何与代数	选择性必修	空间向量与立体几何	直观想象;数学运算	水平2-3	
2018	shanghai_spring	7	立体几何初步	几何与代数	必修	立体几何初步	直观想象;数学运算	水平1-2	
2018	shanghai_spring	8	计数原理	概率与统计	选择性必修	计数原理	逻辑推理;数学运算	水平2-3	
2018	shanghai_spring	9	计数原理	概率与统计	选择性必修	计数原理	逻辑推理;数学运算	水平2-3	
2018	shanghai_spring	10	复数	几何与代数	必修	复数	数学运算;数学抽象	水平1-2	
2018	shanghai_spring	11	三角函数	函数	必修	三角函数;函数概念与性质	数学运算;直观想象;数学抽象	水平1-2	
2018	shanghai_spring	12	直线与圆	几何与代数	选择性必修	直线与圆	直观想象;数学运算	水平2-3	
2018	shanghai_spring	13	函数概念与性质	函数	必修	函数概念与性质	数学抽象;数学运算	水平1-2	
2018	shanghai_spring	14	立体几何初步	几何与代数	必修	立体几何初步;直线与圆	直观想象;数学运算	水平1-2	
2018	shanghai_spring	15	常用逻辑用语	函数	必修	常用逻辑用语;数列;计数原理	逻辑推理;数学抽象;数学运算	水平1-2	
2018	shanghai_spring	16	平面向量	几何与代数	必修	平面向量	数学运算;直观想象	水平1-2	
2018	shanghai_spring	17	三角函数	函数	必修	三角函数;不等式与方程;函数概念与性质;复数	数学运算;直观想象;逻辑推理;数学抽象	水平1-2	
2018	shanghai_spring	18	圆锥曲线	几何与代数	选择性必修	圆锥曲线;平面向量;复数;直线与圆	直观想象;数学运算;逻辑推理;数学抽象	水平2-3	
2018	shanghai_spring	19	圆锥曲线	几何与代数	选择性必修	圆锥曲线;立体几何初步;空间向量与立体几何;函数概念与性质;平面向量;复数;直线与圆	直观想象;数学运算;逻辑推理	水平2-3	
2018	shanghai_spring	20	不等式与方程	函数	必修	不等式与方程;函数概念与性质;复数	数学运算;逻辑推理;数学抽象	水平1-2	
2018	shanghai_spring	21	数列	函数	选择性必修	数列;常用逻辑用语;复数;计数原理	逻辑推理;数学运算;数学抽象	水平2-3	
2019	shanghai	1	集合	函数	必修	集合	数学抽象;数学运算	水平1-2	
2019	shanghai	2	复数	几何与代数	必修	复数	数学运算;数学抽象	水平1-2	
2019	shanghai	3	平面向量	几何与代数	必修	平面向量;空间向量与立体几何	数学运算;直观想象	水平1-2	
2019	shanghai	4	计数原理	概率与统计	选择性必修	计数原理	逻辑推理;数学运算	水平2-3	
2019	shanghai	5	不等式与方程	函数	必修	不等式与方程	数学运算;逻辑推理	水平1-2	
2019	shanghai	6	三角函数	函数	必修	三角函数;基本初等函数;函数概念与性质	数学运算;直观想象;数学抽象	水平1-2	
2019	shanghai	7	不等式与方程	函数	必修	不等式与方程	数学运算;逻辑推理	水平1-2	
2019	shanghai	8	数列	函数	选择性必修	数列;计数原理	逻辑推理;数学运算	水平2-3	
2019	shanghai	9	圆锥曲线	几何与代数	选择性必修	圆锥曲线;平面向量;立体几何初步;直线与圆	直观想象;数学运算;逻辑推理	水平2-3	
2019	shanghai	10	计数原理	概率与统计	选择性必修	计数原理;概率;密码与信息	逻辑推理;数学运算;数据分析;数学抽象	水平2-3	
2019	shanghai	11	数列	函数	选择性必修	数列;微积分（选修）;圆锥曲线;计数原理	逻辑推理;数学运算;数学抽象;直观想象	水平2-3	
2019	shanghai	12	常用逻辑用语	函数	必修	常用逻辑用语;函数概念与性质;计数原理	逻辑推理;数学抽象;数学运算	水平1-2	
2019	shanghai	13	平面向量	几何与代数	必修	平面向量;直线与圆	数学运算;直观想象	水平1-2	
2019	shanghai	14	立体几何初步	几何与代数	必修	立体几何初步;直线与圆	直观想象;数学运算	水平1-2	
2019	shanghai	15	函数概念与性质	函数	必修	函数概念与性质;常用逻辑用语;三角函数	数学抽象;数学运算;逻辑推理;直观想象	水平1-2	
2019	shanghai	16	三角函数	函数	必修	三角函数;常用逻辑用语;复数	数学运算;直观想象;逻辑推理;数学抽象	水平1-2	
2019	shanghai	17	空间向量与立体几何	几何与代数	选择性必修	空间向量与立体几何;复数;立体几何初步;直线与圆	直观想象;数学运算;数学抽象	水平2-3	
2019	shanghai	18	不等式与方程	函数	必修	不等式与方程;基本初等函数;函数概念与性质;复数	数学运算;逻辑推理;数学抽象	水平1-2	
2019	shanghai	19	复数	几何与代数	必修	复数;直线与圆;计数原理	数学运算;数学抽象;直观想象;逻辑推理	水平1-2	
2019	shanghai	20	直线与圆	几何与代数	选择性必修	直线与圆;圆锥曲线;常用逻辑用语;三角函数;平面向量;复数;立体几何初步	直观想象;数学运算;逻辑推理;数学抽象	水平2-3	
2019	shanghai	21	数列	函数	选择性必修	数列;常用逻辑用语;复数;计数原理	逻辑推理;数学运算;数学抽象	水平2-3	
2019	shanghai_spring	1	集合	函数	必修	集合	数学抽象;数学运算	水平1-2	
2019	shanghai_spring	2	微积分（选修）	函数	选修	微积分（选修）	数学运算;数学抽象	水平3	
2019	shanghai_spring	3	不等式与方程	函数	必修	不等式与方程;基本初等函数	数学运算;逻辑推理;数学抽象	水平1-2	
2019	shanghai_spring	4	函数概念与性质	函数	必修	函数概念与性质	数学抽象;数学运算	水平1-2	
2019	shanghai_spring	5	复数	几何与代数	必修	复数	数学运算;数学抽象	水平1-2	
2019	shanghai_spring	6	未分类						无可匹配关键词
2019	shanghai_spring	7	计数原理	概率与统计	选择性必修	计数原理	逻辑推理;数学运算	水平2-3	
2019	shanghai_spring	8	三角函数	函数	必修	三角函数	数学运算;直观想象	水平1-2	
2019	shanghai_spring	9	计数原理	概率与统计	选择性必修	计数原理	逻辑推理;数学运算	水平2-3	
2019	shanghai_spring	10	不等式与方程	函数	必修	不等式与方程	数学运算;逻辑推理	水平1-2	
2019	shanghai_spring	11	平面向量	几何与代数	必修	平面向量;空间向量与立体几何;直线与圆;圆锥曲线	数学运算;直观想象	水平1-2	
2019	shanghai_spring	12	集合	函数	必修	集合;常用逻辑用语	数学抽象;数学运算;逻辑推理	水平1-2	
2019	shanghai_spring	13	三角函数	函数	必修	三角函数;函数概念与性质	数学运算;直观想象;数学抽象	水平1-2	
2019	shanghai_spring	14	常用逻辑用语	函数	必修	常用逻辑用语	逻辑推理;数学抽象	水平1-2	
2019	shanghai_spring	15	立体几何初步	几何与代数	必修	立体几何初步;直线与圆	直观想象;数学运算	水平1-2	
2019	shanghai_spring	16	直线与圆	几何与代数	选择性必修	直线与圆;圆锥曲线;基本初等函数	直观想象;数学运算;逻辑推理;数学抽象	水平2-3	
2019	shanghai_spring	17	立体几何初步	几何与代数	必修	立体几何初步;复数;空间向量与立体几何	直观想象;数学运算;数学抽象	水平1-2	
2019	shanghai_spring	18	数列	函数	选择性必修	数列;微积分（选修）;复数;计数原理	逻辑推理;数学运算;数学抽象	水平2-3	
2019	shanghai_spring	19	圆锥曲线	几何与代数	选择性必修	圆锥曲线;常用逻辑用语;复数	直观想象;数学运算;逻辑推理;数学抽象	水平2-3	
2019	shanghai_spring	20	数列	函数	选择性必修	数列;集合;三角函数;复数;计数原理	逻辑推理;数学运算;数学抽象;直观想象	水平2-3	
2020	shanghai	1	集合	函数	必修	集合	数学抽象;数学运算	水平1-2	
2020	shanghai	2	微积分（选修）	函数	选修	微积分（选修）	数学运算;数学抽象	水平3	
2020	shanghai	3	复数	几何与代数	必修	复数	数学运算;数学抽象	水平1-2	
2020	shanghai	4	函数概念与性质	函数	必修	函数概念与性质	数学抽象;数学运算	水平1-2	
2020	shanghai	5	不等式与方程	函数	必修	不等式与方程	数学运算;逻辑推理	水平1-2	
2020	shanghai	6	矩阵与变换	几何与代数	选修	矩阵与变换	数学运算;数学抽象	水平3	
2020	shanghai	7	统计	概率与统计	选择性必修	统计	数据分析;数学建模	水平2-3	
2020	shanghai	8	数列	函数	选择性必修	数列;计数原理	逻辑推理;数学运算	水平2-3	
2020	shanghai	9	计数原理	概率与统计	选择性必修	计数原理	逻辑推理;数学运算	水平2-3	
2020	shanghai	10	直线与圆	几何与代数	选择性必修	直线与圆;圆锥曲线;三角函数	直观想象;数学运算;逻辑推理	水平2-3	
2020	shanghai	11	常用逻辑用语	函数	必修	常用逻辑用语;函数概念与性质;复数	逻辑推理;数学抽象;数学运算	水平1-2	
2020	shanghai	12	不等式与方程	函数	必修	不等式与方程;平面向量	数学运算;逻辑推理;直观想象	水平1-2	
2020	shanghai	13	不等式与方程	函数	必修	不等式与方程	数学运算;逻辑推理	水平1-2	
2020	shanghai	14	直线与圆	几何与代数	选择性必修	直线与圆;参数方程与极坐标	直观想象;数学运算	水平2-3	
2020	shanghai	15	立体几何初步	几何与代数	必修	立体几何初步;空间向量与立体几何;直线与圆	直观想象;数学运算	水平1-2	
2020	shanghai	16	常用逻辑用语	函数	必修	常用逻辑用语;不等式与方程;函数概念与性质;导数	逻辑推理;数学抽象;数学运算	水平1-2	
2020	shanghai	17	复数	几何与代数	必修	复数;立体几何初步;直线与圆	数学运算;数学抽象;直观想象	水平1-2	
2020	shanghai	18	三角函数	函数	必修	三角函数;函数概念与性质;不等式与方程;基本初等函数;复数	数学运算;直观想象;数学抽象;逻辑推理	水平1-2	
2020	shanghai	19	不等式与方程	函数	必修	不等式与方程;函数概念与性质;复数	数学运算;逻辑推理;数学抽象	水平1-2	
2020	shanghai	20	直线与圆	几何与代数	选择性必修	直线与圆;三角函数;平面向量;复数;圆锥曲线	直观想象;数学运算	水平2-3	
2020	shanghai	21	数列	函数	选择性必修	数列;计数原理;常用逻辑用语;复数	逻辑推理;数学运算;数学抽象	水平2-3	
2020	shanghai_spring	1	集合	函数	必修	集合	数学抽象;数学运算	水平1-2	
2020	shanghai_spring	2	不等式与方程	函数	必修	不等式与方程;基本初等函数	数学运算;逻辑推理;数学抽象	水平1-2	
2020	shanghai_spring	3	三角函数	函数	必修	三角函数;不等式与方程	数学运算;直观想象;逻辑推理	水平1-2	
2020	shanghai_spring	4	复数	几何与代数	必修	复数	数学运算;数学抽象	水平1-2	
2020	shanghai_spring	5	三角函数	函数	必修	三角函数	数学运算;直观想象	水平1-2	
2020	shanghai_spring	6	函数概念与性质	函数	必修	函数概念与性质	数学抽象;数学运算	水平1-2	
2020	shanghai_spring	7	空间向量与立体几何	几何与代数	选择性必修	空间向量与立体几何;直线与圆	直观想象;数学运算	水平2-3	
2020	shanghai_spring	8	计数原理	概率与统计	选择性必修	计数原理	逻辑推理;数学运算	水平2-3	
2020	shanghai_spring	9	三角函数	函数	必修	三角函数;平面向量	数学运算;直观想象	水平1-2	
2020	shanghai_spring	10	计数原理	概率与统计	选择性必修	计数原理	逻辑推理;数学运算	水平2-3	
2020	shanghai_spring	11	不等式与方程	函数	必修	不等式与方程;平面向量	数学运算;逻辑推理;直观想象	水平1-2	
2020	shanghai_spring	12	函数概念与性质	函数	必修	函数概念与性质	数学抽象;数学运算	水平1-2	
2020	shanghai_spring	13	微积分（选修）	函数	选修	微积分（选修）	数学运算;数学抽象	水平3	
2020	shanghai_spring	14	常用逻辑用语	函数	必修	常用逻辑用语;三角函数	逻辑推理;数学抽象;数学运算;直观想象	水平1-2	
2020	shanghai_spring	15	圆锥曲线	几何与代数	选择性必修	圆锥曲线;立体几何初步;直线与圆	直观想象;数学运算;逻辑推理	水平2-3	
2020	shanghai_spring	16	数列	函数	选择性必修	数列;计数原理;矩阵与变换	逻辑推理;数学运算;数学抽象	水平2-3	
2020	shanghai_spring	17	立体几何初步	几何与代数	必修	立体几何初步;复数;空间向量与立体几何;直线与圆	直观想象;数学运算;数学抽象	水平1-2	
2020	shanghai_spring	18	数列	函数	选择性必修	数列;不等式与方程;复数;计数原理	逻辑推理;数学运算;数学抽象	水平2-3	
2020	shanghai_spring	19	平面向量	几何与代数	必修	平面向量;复数;空间向量与立体几何	数学运算;直观想象;数学抽象	水平1-2	
2020	shanghai_spring	20	圆锥曲线	几何与代数	选择性必修	圆锥曲线;常用逻辑用语;平面向量;复数;空间向量与立体几何;直线与圆	直观想象;数学运算;逻辑推理;数学抽象	水平2-3	
2020	shanghai_spring	21	集合	函数	必修	集合;不等式与方程;函数概念与性质;常用逻辑用语;复数	数学抽象;数学运算;逻辑推理	水平1-2	
2021	shanghai	1	复数	几何与代数	必修	复数	数学运算;数学抽象	水平1-2	
2021	shanghai	2	集合	函数	必修	集合	数学抽象;数学运算	水平1-2	
2021	shanghai	3	直线与圆	几何与代数	选择性必修	直线与圆;平面向量	直观想象;数学运算	水平2-3	
2021	shanghai	4	平面向量	几何与代数	必修	平面向量	数学运算;直观想象	水平1-2	
2021	shanghai	5	函数概念与性质	函数	必修	函数概念与性质	数学抽象;数学运算	水平1-2	
2021	shanghai	6	计数原理	概率与统计	选择性必修	计数原理	逻辑推理;数学运算	水平2-3	
2021	shanghai	7	不等式与方程	函数	必修	不等式与方程	数学运算;逻辑推理	水平1-2	
2021	shanghai	8	数列	函数	选择性必修	数列;计数原理	逻辑推理;数学运算	水平2-3	
2021	shanghai	9	直线与圆	几何与代数	选择性必修	直线与圆;三角函数	直观想象;数学运算	水平2-3	
2021	shanghai	10	概率	概率与统计	选择性必修	概率	数据分析;数学运算;逻辑推理	水平2-3	
2021	shanghai	11	直线与圆	几何与代数	选择性必修	直线与圆;圆锥曲线;三角函数	直观想象;数学运算;逻辑推理	水平2-3	
2021	shanghai	12	不等式与方程	函数	必修	不等式与方程	数学运算;逻辑推理	水平1-2	
2021	shanghai	13	基本初等函数	函数	必修	基本初等函数;函数概念与性质	数学运算;数学抽象	水平1-2	
2021	shanghai	14	参数方程与极坐标	几何与代数	选择性必修	参数方程与极坐标	数学运算;直观想象	水平2-3	
2021	shanghai	15	常用逻辑用语	函数	必修	常用逻辑用语;三角函数;函数概念与性质	逻辑推理;数学抽象;数学运算;直观想象	水平1-2	
2021	shanghai	16	不等式与方程	函数	必修	不等式与方程	数学运算;逻辑推理	水平1-2	
2021	shanghai	17	立体几何初步	几何与代数	必修	立体几何初步;复数;空间向量与立体几何;直线与圆	直观想象;数学运算;数学抽象	水平1-2	
2021	shanghai	18	三角函数	函数	必修	三角函数;复数	数学运算;直观想象;数学抽象	水平1-2	
2021	shanghai	19	复数	几何与代数	必修	复数;数学建模与应用	数学运算;数学抽象;数学建模;数据分析	水平1-2	
2021	shanghai	20	直线与圆	几何与代数	选择性必修	直线与圆;圆锥曲线;平面向量;复数;空间向量与立体几何	直观想象;数学运算;逻辑推理	水平2-3	
2021	shanghai	21	不等式与方程	函数	必修	不等式与方程;函数概念与性质;复数	数学运算;逻辑推理;数学抽象	水平1-2	
2021	shanghai_spring	1	数列	函数	选择性必修	数列;计数原理	逻辑推理;数学运算	水平2-3	
2021	shanghai_spring	2	复数	几何与代数	必修	复数	数学运算;数学抽象	水平1-2	
2021	shanghai_spring	3	不等式与方程	函数	必修	不等式与方程;基本初等函数	数学运算;逻辑推理;数学抽象	水平1-2	
2021	shanghai_spring	4	直线与圆	几何与代数	选择性必修	直线与圆	直观想象;数学运算	水平2-3	
2021	shanghai_spring	5	空间向量与立体几何	几何与代数	选择性必修	空间向量与立体几何;直线与圆	直观想象;数学运算	水平2-3	
2021	shanghai_spring	6	不等式与方程	函数	必修	不等式与方程	数学运算;逻辑推理	水平1-2	
2021	shanghai_spring	7	计数原理	概率与统计	选择性必修	计数原理;不等式与方程	逻辑推理;数学运算	水平2-3	
2021	shanghai_spring	8	不等式与方程	函数	必修	不等式与方程;函数概念与性质	数学运算;逻辑推理;数学抽象	水平1-2	
2021	shanghai_spring	9	数列	函数	选择性必修	数列;计数原理;微积分（选修）	逻辑推理;数学运算;数学抽象	水平2-3	
2021	shanghai_spring	10	计数原理	概率与统计	选择性必修	计数原理	逻辑推理;数学运算	水平2-3	
2021	shanghai_spring	11	圆锥曲线	几何与代数	选择性必修	圆锥曲线;直线与圆	直观想象;数学运算;逻辑推理	水平2-3	
2021	shanghai_spring	12	三角函数	函数	必修	三角函数;不等式与方程;常用逻辑用语	数学运算;直观想象;逻辑推理;数学抽象	水平1-2	
2021	shanghai_spring	13	函数概念与性质	函数	必修	函数概念与性质;常用逻辑用语;三角函数	数学抽象;数学运算;逻辑推理;直观想象	水平1-2	
2021	shanghai_spring	14	集合	函数	必修	集合	数学抽象;数学运算	水平1-2	
2021	shanghai_spring	15	函数概念与性质	函数	必修	函数概念与性质;常用逻辑用语;不等式与方程;直线与圆	数学抽象;数学运算;逻辑推理	水平1-2	
2021	shanghai_spring	16	常用逻辑用语	函数	必修	常用逻辑用语;三角函数;平面向量;复数	逻辑推理;数学抽象;数学运算;直观想象	水平1-2	
2021	shanghai_spring	17	立体几何初步	几何与代数	必修	立体几何初步;三角函数;复数	直观想象;数学运算;数学抽象	水平1-2	
2021	shanghai_spring	18	三角函数	函数	必修	三角函数;复数	数学运算;直观想象;数学抽象	水平1-2	
2021	shanghai_spring	19	平面向量	几何与代数	必修	平面向量;复数;圆锥曲线	数学运算;直观想象;数学抽象;逻辑推理	水平1-2	
2021	shanghai_spring	20	函数概念与性质	函数	必修	函数概念与性质;常用逻辑用语;导数;复数	数学抽象;数学运算;逻辑推理	水平1-2	
2021	shanghai_spring	21	数列	函数	选择性必修	数列;不等式与方程;常用逻辑用语;复数;计数原理	逻辑推理;数学运算;数学抽象	水平2-3	
2022	shanghai	1	复数	几何与代数	必修	复数	数学运算;数学抽象	水平1-2	
2022	shanghai	2	圆锥曲线	几何与代数	选择性必修	圆锥曲线	直观想象;数学运算;逻辑推理	水平2-3	
2022	shanghai	3	三角函数	函数	必修	三角函数;不等式与方程	数学运算;直观想象;逻辑推理	水平1-2	
2022	shanghai	4	矩阵与变换	几何与代数	选修	矩阵与变换	数学运算;数学抽象	水平3	
2022	shanghai	5	直线与圆	几何与代数	选择性必修	直线与圆	直观想象;数学运算	水平2-3	
2022	shanghai	6	不等式与方程	函数	必修	不等式与方程	数学运算;逻辑推理	水平1-2	
2022	shanghai	7	计数原理	概率与统计	选择性必修	计数原理	逻辑推理;数学运算	水平2-3	
2022	shanghai	8	函数概念与性质	函数	必修	函数概念与性质	数学抽象;数学运算	水平1-2	
2022	shanghai	9	概率	概率与统计	选择性必修	概率;统计	数据分析;数学运算;逻辑推理;数学建模	水平2-3	
2022	shanghai	10	数列	函数	选择性必修	数列;计数原理	逻辑推理;数学运算	水平2-3	
2022	shanghai	11	平面向量	几何与代数	必修	平面向量	数学运算;直观想象	水平1-2	
2022	shanghai	12	函数概念与性质	函数	必修	函数概念与性质	数学抽象;数学运算	水平1-2	
2022	shanghai	13	集合	函数	必修	集合	数学抽象;数学运算	水平1-2	
2022	shanghai	14	不等式与方程	函数	必修	不等式与方程	数学运算;逻辑推理	水平1-2	
2022	shanghai	15	常用逻辑用语	函数	必修	常用逻辑用语;立体几何初步	逻辑推理;数学抽象;直观想象;数学运算	水平1-2	
2022	shanghai	16	常用逻辑用语	函数	必修	常用逻辑用语;复数;直线与圆	逻辑推理;数学抽象;数学运算;直观想象	水平1-2	
2022	shanghai	17	立体几何初步	几何与代数	必修	立体几何初步;复数	直观想象;数学运算;数学抽象	水平1-2	
2022	shanghai	18	不等式与方程	函数	必修	不等式与方程;基本初等函数;函数概念与性质;复数	数学运算;逻辑推理;数学抽象	水平1-2	
2022	shanghai	19	不等式与方程	函数	必修	不等式与方程;复数;空间向量与立体几何;直线与圆	数学运算;逻辑推理;数学抽象;直观想象	水平1-2	
2022	shanghai	20	直线与圆	几何与代数	选择性必修	直线与圆;不等式与方程;三角函数;圆锥曲线;平面向量;复数;空间向量与立体几何	直观想象;数学运算;逻辑推理	水平2-3	
2022	shanghai	21	数列	函数	选择性必修	数列;常用逻辑用语;复数;计数原理	逻辑推理;数学运算;数学抽象	水平2-3	
2022	shanghai_spring	1	复数	几何与代数	必修	复数	数学运算;数学抽象	水平1-2	
2022	shanghai_spring	2	集合	函数	必修	集合	数学抽象;数学运算	水平1-2	
2022	shanghai_spring	3	不等式与方程	函数	必修	不等式与方程;基本初等函数	数学运算;逻辑推理;数学抽象	水平1-2	
2022	shanghai_spring	4	三角函数	函数	必修	三角函数	数学运算;直观想象	水平1-2	
2022	shanghai_spring	5	不等式与方程	函数	必修	不等式与方程	数学运算;逻辑推理	水平1-2	
2022	shanghai_spring	6	函数概念与性质	函数	必修	函数概念与性质	数学抽象;数学运算	水平1-2	
2022	shanghai_spring	7	计数原理	概率与统计	选择性必修	计数原理	逻辑推理;数学运算	水平2-3	
2022	shanghai_spring	8	直线与圆	几何与代数	选择性必修	直线与圆;三角函数	直观想象;数学运算	水平2-3	
2022	shanghai_spring	9	计数原理	概率与统计	选择性必修	计数原理	逻辑推理;数学运算	水平2-3	
2022	shanghai_spring	10	不等式与方程	函数	必修	不等式与方程;三角函数;平面向量	数学运算;逻辑推理;直观想象	水平1-2	
2022	shanghai_spring	11	不等式与方程	函数	必修	不等式与方程;圆锥曲线	数学运算;逻辑推理;直观想象	水平1-2	
2022	shanghai_spring	12	函数概念与性质	函数	必修	函数概念与性质;微积分（选修）;基本初等函数;直线与圆	数学抽象;数学运算	水平1-2	
2022	shanghai_spring	13	函数概念与性质	函数	必修	函数概念与性质	数学抽象;数学运算	水平1-2	
2022	shanghai_spring	14	未分类						无可匹配关键词
2022	shanghai_spring	15	立体几何初步	几何与代数	必修	立体几何初步	直观想象;数学运算	水平1-2	
2022	shanghai_spring	16	数列	函数	选择性必修	数列;计数原理	逻辑推理;数学运算	水平2-3	
2022	shanghai_spring	17	直线与圆	几何与代数	选择性必修	直线与圆;立体几何初步;复数;空间向量与立体几何	直观想象;数学运算;数学抽象	水平2-3	
2022	shanghai_spring	18	数列	函数	选择性必修	数列;微积分（选修）;复数;计数原理	逻辑推理;数学运算;数学抽象	水平2-3	
2022	shanghai_spring	19	直线与圆	几何与代数	选择性必修	直线与圆;不等式与方程;复数	直观想象;数学运算;逻辑推理;数学抽象	水平2-3	
2022	shanghai_spring	20	不等式与方程	函数	必修	不等式与方程;直线与圆;圆锥曲线;三角函数;平面向量;复数	数学运算;逻辑推理;直观想象	水平1-2	
2022	shanghai_spring	21	不等式与方程	函数	必修	不等式与方程;常用逻辑用语;基本初等函数;函数概念与性质;导数;复数	数学运算;逻辑推理;数学抽象	水平1-2	
2023	shanghai	1	不等式与方程	函数	必修	不等式与方程;基本初等函数	数学运算;逻辑推理;数学抽象	水平1-2	
2023	shanghai	2	平面向量	几何与代数	必修	平面向量	数学运算;直观想象	水平1-2	
2023	shanghai	3	数列	函数	选择性必修	数列;计数原理	逻辑推理;数学运算	水平2-3	
2023	shanghai	4	三角函数	函数	必修	三角函数	数学运算;直观想象	水平1-2	
2023	shanghai	5	函数概念与性质	函数	必修	函数概念与性质	数学抽象;数学运算	水平1-2	
2023	shanghai	6	复数	几何与代数	必修	复数	数学运算;数学抽象	水平1-2	
2023	shanghai	7	直线与圆	几何与代数	选择性必修	直线与圆	直观想象;数学运算	水平2-3	
2023	shanghai	8	三角函数	函数	必修	三角函数	数学运算;直观想象	水平1-2	
2023	shanghai	9	统计	概率与统计	选择性必修	统计;数学建模与应用	数据分析;数学建模;数学运算	水平2-3	
2023	shanghai	10	不等式与方程	函数	必修	不等式与方程;计数原理	数学运算;逻辑推理	水平1-2	
2023	shanghai	11	不等式与方程	函数	必修	不等式与方程;三角函数;立体几何初步;空间向量与立体几何	数学运算;逻辑推理;直观想象	水平1-2	
2023	shanghai	12	立体几何初步	几何与代数	必修	立体几何初步	直观想象;数学运算	水平1-2	
2023	shanghai	13	集合	函数	必修	集合	数学抽象;数学运算	水平1-2	
2023	shanghai	14	计数原理	概率与统计	选择性必修	计数原理	逻辑推理;数学运算	水平2-3	
2023	shanghai	15	三角函数	函数	必修	三角函数;不等式与方程	数学运算;直观想象;逻辑推理	水平1-2	
2023	shanghai	16	圆锥曲线	几何与代数	选择性必修	圆锥曲线;常用逻辑用语;复数;直线与圆	直观想象;数学运算;逻辑推理;数学抽象	水平2-3	
2023	shanghai	17	概率	概率与统计	选择性必修	概率;复数	数据分析;数学运算;逻辑推理;数学抽象	水平2-3	
2023	shanghai	18	立体几何初步	几何与代数	必修	立体几何初步	直观想象;数学运算	水平1-2	
2023	shanghai	19	函数概念与性质	函数	必修	函数概念与性质;常用逻辑用语;复数	数学抽象;数学运算;逻辑推理	水平1-2	
2023	shanghai	20	平面向量	几何与代数	必修	平面向量;圆锥曲线;三角函数;复数;空间向量与立体几何;直线与圆	数学运算;直观想象;逻辑推理	水平1-2	
2023	shanghai	21	数列	函数	选择性必修	数列;常用逻辑用语;不等式与方程;基本初等函数;函数概念与性质;导数;复数;直线与圆;计数原理	逻辑推理;数学运算;数学抽象	水平2-3	
2023	shanghai_spring	1	集合	函数	必修	集合	数学抽象;数学运算	水平1-2	
2023	shanghai_spring	2	平面向量	几何与代数	必修	平面向量	数学运算;直观想象	水平1-2	
2023	shanghai_spring	3	不等式与方程	函数	必修	不等式与方程	数学运算;逻辑推理	水平1-2	
2023	shanghai_spring	4	直线与圆	几何与代数	选择性必修	直线与圆	直观想象;数学运算	水平2-3	
2023	shanghai_spring	5	概率	概率与统计	选择性必修	概率	数据分析;数学运算;逻辑推理	水平2-3	
2023	shanghai_spring	6	不等式与方程	函数	必修	不等式与方程	数学运算;逻辑推理	水平1-2	
2023	shanghai_spring	7	不等式与方程	函数	必修	不等式与方程;统计;概率	数学运算;逻辑推理;数据分析;数学建模	水平1-2	
2023	shanghai_spring	8	计数原理	概率与统计	选择性必修	计数原理	逻辑推理;数学运算	水平2-3	
2023	shanghai_spring	9	基本初等函数	函数	必修	基本初等函数;函数概念与性质	数学运算;数学抽象	水平1-2	
2023	shanghai_spring	10	计数原理	概率与统计	选择性必修	计数原理;概率	逻辑推理;数学运算;数据分析	水平2-3	
2023	shanghai_spring	11	复数	几何与代数	必修	复数	数学运算;数学抽象	水平1-2	
2023	shanghai_spring	12	不等式与方程	函数	必修	不等式与方程;平面向量;空间向量与立体几何	数学运算;逻辑推理;直观想象	水平1-2	
2023	shanghai_spring	13	三角函数	函数	必修	三角函数;函数概念与性质	数学运算;直观想象;数学抽象	水平1-2	
2023	shanghai_spring	14	不等式与方程	函数	必修	不等式与方程;数学建模与应用	数学运算;逻辑推理;数学建模;数据分析	水平1-2	
2023	shanghai_spring	15	立体几何初步	几何与代数	必修	立体几何初步;直线与圆	直观想象;数学运算	水平1-2	
2023	shanghai_spring	16	数列	函数	选择性必修	数列;计数原理	逻辑推理;数学运算	水平2-3	
2023	shanghai_spring	17	立体几何初步	几何与代数	必修	立体几何初步;三角函数;复数;空间向量与立体几何;直线与圆	直观想象;数学运算;数学抽象	水平1-2	
2023	shanghai_spring	18	三角函数	函数	必修	三角函数;复数	数学运算;直观想象;数学抽象	水平1-2	
2023	shanghai_spring	19	立体几何初步	几何与代数	必修	立体几何初步;直线与圆;不等式与方程;复数;计数原理	直观想象;数学运算;逻辑推理	水平1-2	
2023	shanghai_spring	20	直线与圆	几何与代数	选择性必修	直线与圆;圆锥曲线;平面向量;复数	直观想象;数学运算;逻辑推理	水平2-3	
2023	shanghai_spring	21	不等式与方程	函数	必修	不等式与方程;直线与圆;常用逻辑用语;函数概念与性质;导数;复数	数学运算;逻辑推理;直观想象;数学抽象	水平1-2	
2024	shanghai	1	集合	函数	必修	集合	数学抽象;数学运算	水平1-2	
2024	shanghai	2	函数概念与性质	函数	必修	函数概念与性质	数学抽象;数学运算	水平1-2	
2024	shanghai	3	不等式与方程	函数	必修	不等式与方程;基本初等函数	数学运算;逻辑推理;数学抽象	水平1-2	
2024	shanghai	4	函数概念与性质	函数	必修	函数概念与性质	数学抽象;数学运算	水平1-2	
2024	shanghai	5	平面向量	几何与代数	必修	平面向量	数学运算;直观想象	水平1-2	
2024	shanghai	6	计数原理	概率与统计	选择性必修	计数原理	逻辑推理;数学运算	水平2-3	
2024	shanghai	7	圆锥曲线	几何与代数	选择性必修	圆锥曲线;空间向量与立体几何	直观想象;数学运算;逻辑推理	水平2-3	
2024	shanghai	8	概率	概率与统计	选择性必修	概率;统计	数据分析;数学运算;逻辑推理;数学建模	水平2-3	
2024	shanghai	9	复数	几何与代数	必修	复数	数学运算;数学抽象	水平1-2	
2024	shanghai	10	集合	函数	必修	集合;不等式与方程	数学抽象;数学运算;逻辑推理	水平1-2	
2024	shanghai	11	计数原理	概率与统计	选择性必修	计数原理	逻辑推理;数学运算	水平2-3	
2024	shanghai	12	数列	函数	选择性必修	数列;集合;计数原理	逻辑推理;数学运算;数学抽象	水平2-3	
2024	shanghai	13	计数原理	概率与统计	选择性必修	计数原理;统计	逻辑推理;数学运算;数据分析;数学建模	水平2-3	
2024	shanghai	14	三角函数	函数	必修	三角函数;不等式与方程;函数概念与性质	数学运算;直观想象;逻辑推理;数学抽象	水平1-2	
2024	shanghai	15	常用逻辑用语	函数	必修	常用逻辑用语;平面向量;空间向量与立体几何	逻辑推理;数学抽象;数学运算;直观想象	水平1-2	
2024	shanghai	16	函数概念与性质	函数	必修	函数概念与性质;不等式与方程;集合;常用逻辑用语	数学抽象;数学运算;逻辑推理	水平1-2	
2024	shanghai	17	立体几何初步	几何与代数	必修	立体几何初步;三角函数;复数;直线与圆	直观想象;数学运算;数学抽象	水平1-2	
2024	shanghai	18	数列	函数	选择性必修	数列;基本初等函数;常用逻辑用语;不等式与方程;函数概念与性质;复数	逻辑推理;数学运算;数学抽象	水平2-3	
2024	shanghai	19	复数	几何与代数	必修	复数;统计	数学运算;数学抽象;数据分析;数学建模	水平1-2	
2024	shanghai	20	三角函数	函数	必修	三角函数;平面向量;圆锥曲线;复数;直线与圆	数学运算;直观想象;逻辑推理	水平1-2	
2024	shanghai	21	导数	函数	选择性必修	导数;不等式与方程;函数概念与性质;集合;常用逻辑用语;平面向量;复数;立体几何初步;直线与圆	数学运算;逻辑推理;数学抽象	水平2-3	
2024	shanghai_spring	1	基本初等函数	函数	必修	基本初等函数;函数概念与性质	数学运算;数学抽象	水平1-2	
2024	shanghai_spring	2	直线与圆	几何与代数	选择性必修	直线与圆	直观想象;数学运算	水平2-3	
2024	shanghai_spring	3	复数	几何与代数	必修	复数	数学运算;数学抽象	水平1-2	
2024	shanghai_spring	4	计数原理	概率与统计	选择性必修	计数原理	逻辑推理;数学运算	水平2-3	
2024	shanghai_spring	5	未分类						无可匹配关键词
2024	shanghai_spring	6	不等式与方程	函数	必修	不等式与方程	数学运算;逻辑推理	水平1-2	
2024	shanghai_spring	7	数列	函数	选择性必修	数列;计数原理	逻辑推理;数学运算	水平2-3	
2024	shanghai_spring	8	圆锥曲线	几何与代数	选择性必修	圆锥曲线	直观想象;数学运算;逻辑推理	水平2-3	
2024	shanghai_spring	9	函数概念与性质	函数	必修	函数概念与性质	数学抽象;数学运算	水平1-2	
2024	shanghai_spring	10	立体几何初步	几何与代数	必修	立体几何初步;三角函数;平面向量;空间向量与立体几何;直线与圆	直观想象;数学运算	水平1-2	
2024	shanghai_spring	11	空间向量与立体几何	几何与代数	选择性必修	空间向量与立体几何;直线与圆	直观想象;数学运算	水平2-3	
2024	shanghai_spring	12	数列	函数	选择性必修	数列	逻辑推理;数学运算	水平2-3	
2024	shanghai_spring	13	不等式与方程	函数	必修	不等式与方程	数学运算;逻辑推理	水平1-2	
2024	shanghai_spring	14	直线与圆	几何与代数	选择性必修	直线与圆	直观想象;数学运算	水平2-3	
2024	shanghai_spring	15	集合	函数	必修	集合;计数原理;概率	数学抽象;数学运算;逻辑推理;数据分析	水平1-2	
2024	shanghai_spring	16	函数概念与性质	函数	必修	函数概念与性质;导数	数学抽象;数学运算;逻辑推理	水平1-2	
2024	shanghai_spring	17	三角函数	函数	必修	三角函数;函数概念与性质;不等式与方程;复数	数学运算;直观想象;数学抽象;逻辑推理	水平1-2	
2024	shanghai_spring	18	复数	几何与代数	必修	复数;空间向量与立体几何;直线与圆	数学运算;数学抽象;直观想象	水平1-2	
2024	shanghai_spring	19	统计	概率与统计	选择性必修	统计;概率;复数	数据分析;数学建模;数学运算;逻辑推理;数学抽象	水平2-3	
2024	shanghai_spring	20	平面向量	几何与代数	必修	平面向量;直线与圆;圆锥曲线;常用逻辑用语;三角函数;复数	数学运算;直观想象;逻辑推理	水平1-2	
2024	shanghai_spring	21	常用逻辑用语	函数	必修	常用逻辑用语;不等式与方程;函数概念与性质;复数	逻辑推理;数学抽象;数学运算	水平1-2	
2025	shanghai	1	集合	函数	必修	集合	数学抽象;数学运算	水平1-2	
2025	shanghai	2	不等式与方程	函数	必修	不等式与方程;基本初等函数	数学运算;逻辑推理;数学抽象	水平1-2	
2025	shanghai	3	数列	函数	选择性必修	数列;计数原理	逻辑推理;数学运算	水平2-3	
2025	shanghai	4	计数原理	概率与统计	选择性必修	计数原理	逻辑推理;数学运算	水平2-3	
2025	shanghai	5	三角函数	函数	必修	三角函数;函数概念与性质	数学运算;直观想象;数学抽象	水平1-2	
2025	shanghai	6	概率	概率与统计	选择性必修	概率	数据分析;数学运算;逻辑推理	水平2-3	
2025	shanghai	7	立体几何初步	几何与代数	必修	立体几何初步	直观想象;数学运算	水平1-2	
2025	shanghai	8	不等式与方程	函数	必修	不等式与方程	数学运算;逻辑推理	水平1-2	
2025	shanghai	9	计数原理	概率与统计	选择性必修	计数原理	逻辑推理;数学运算	水平2-3	
2025	shanghai	10	复数	几何与代数	必修	复数;不等式与方程	数学运算;数学抽象;逻辑推理	水平1-2	
2025	shanghai	11	立体几何初步	几何与代数	必修	立体几何初步	直观想象;数学运算	水平1-2	
2025	shanghai	12	平面向量	几何与代数	必修	平面向量;函数概念与性质	数学运算;直观想象;数学抽象	水平1-2	
2025	shanghai	13	集合	函数	必修	集合	数学抽象;数学运算	水平1-2	
2025	shanghai	14	未分类						无可匹配关键词
2025	shanghai	15	不等式与方程	函数	必修	不等式与方程;三角函数	数学运算;逻辑推理;直观想象	水平1-2	
2025	shanghai	16	数列	函数	选择性必修	数列;常用逻辑用语;计数原理	逻辑推理;数学运算;数学抽象	水平2-3	
2025	shanghai	17	统计	概率与统计	选择性必修	统计;计数原理;复数;概率	数据分析;数学建模;逻辑推理;数学运算;数学抽象	水平2-3	
2025	shanghai	18	直线与圆	几何与代数	选择性必修	直线与圆;复数	直观想象;数学运算;数学抽象	水平2-3	
2025	shanghai	19	不等式与方程	函数	必修	不等式与方程;基本初等函数;常用逻辑用语;函数概念与性质;复数	数学运算;逻辑推理;数学抽象	水平1-2	
2025	shanghai	20	圆锥曲线	几何与代数	选择性必修	圆锥曲线;直线与圆;常用逻辑用语;平面向量;复数	直观想象;数学运算;逻辑推理;数学抽象	水平2-3	
2025	shanghai	21	函数概念与性质	函数	必修	函数概念与性质;集合;三角函数;基本初等函数;复数	数学抽象;数学运算;直观想象	水平1-2	
2025	shanghai_spring	1	集合	函数	必修	集合	数学抽象;数学运算	水平1-2	
2025	shanghai_spring	2	不等式与方程	函数	必修	不等式与方程;基本初等函数	数学运算;逻辑推理;数学抽象	水平1-2	
2025	shanghai_spring	3	复数	几何与代数	必修	复数	数学运算;数学抽象	水平1-2	
2025	shanghai_spring	4	平面向量	几何与代数	必修	平面向量	数学运算;直观想象	水平1-2	
2025	shanghai_spring	5	三角函数	函数	必修	三角函数	数学运算;直观想象	水平1-2	
2025	shanghai_spring	6	计数原理	概率与统计	选择性必修	计数原理	逻辑推理;数学运算	水平2-3	
2025	shanghai_spring	7	数列	函数	选择性必修	数列;计数原理	逻辑推理;数学运算	水平2-3	
2025	shanghai_spring	8	不等式与方程	函数	必修	不等式与方程;基本初等函数	数学运算;逻辑推理;数学抽象	水平1-2	
2025	shanghai_spring	9	直线与圆	几何与代数	选择性必修	直线与圆;不等式与方程;立体几何初步	直观想象;数学运算;逻辑推理	水平2-3	
2025	shanghai_spring	10	三角函数	函数	必修	三角函数;圆锥曲线;直线与圆	数学运算;直观想象;逻辑推理	水平1-2	
2025	shanghai_spring	11	不等式与方程	函数	必修	不等式与方程;函数概念与性质;圆锥曲线	数学运算;逻辑推理;数学抽象;直观想象	水平1-2	
2025	shanghai_spring	12	平面向量	几何与代数	必修	平面向量;不等式与方程;立体几何初步	数学运算;直观想象;逻辑推理	水平1-2	
2025	shanghai_spring	13	立体几何初步	几何与代数	必修	立体几何初步;集合;直线与圆	直观想象;数学运算;数学抽象	水平1-2	
2025	shanghai_spring	14	基本初等函数	函数	必修	基本初等函数	数学运算;数学抽象	水平1-2	
2025	shanghai_spring	15	概率	概率与统计	选择性必修	概率	数据分析;数学运算;逻辑推理	水平2-3	
2025	shanghai_spring	16	不等式与方程	函数	必修	不等式与方程;三角函数	数学运算;逻辑推理;直观想象	水平1-2	
2025	shanghai_spring	17	立体几何初步	几何与代数	必修	立体几何初步;复数;空间向量与立体几何	直观想象;数学运算;数学抽象	水平1-2	
2025	shanghai_spring	18	三角函数	函数	必修	三角函数;不等式与方程;复数	数学运算;直观想象;逻辑推理;数学抽象	水平1-2	
2025	shanghai_spring	19	计数原理	概率与统计	选择性必修	计数原理;常用逻辑用语;复数;概率;统计	逻辑推理;数学运算;数学抽象	水平2-3	
2025	shanghai_spring	20	直线与圆	几何与代数	选择性必修	直线与圆;圆锥曲线;常用逻辑用语;三角函数;平面向量;复数;空间向量与立体几何	直观想象;数学运算;逻辑推理;数学抽象	水平2-3	
2025	shanghai_spring	21	函数概念与性质	函数	必修	函数概念与性质;常用逻辑用语;集合;基本初等函数;复数	数学抽象;数学运算;逻辑推理	水平1-2	
2026	shanghai	1	集合	函数	必修	集合	数学抽象;数学运算	水平1-2	
2026	shanghai	2	数列	函数	选择性必修	数列;计数原理	逻辑推理;数学运算	水平2-3	
2026	shanghai	3	三角函数	函数	必修	三角函数	数学运算;直观想象	水平1-2	
2026	shanghai	4	概率	概率与统计	选择性必修	概率	数据分析;数学运算;逻辑推理	水平2-3	
2026	shanghai	5	函数概念与性质	函数	必修	函数概念与性质	数学抽象;数学运算	水平1-2	
2026	shanghai	6	计数原理	概率与统计	选择性必修	计数原理	逻辑推理;数学运算	水平2-3	
2026	shanghai	7	不等式与方程	函数	必修	不等式与方程	数学运算;逻辑推理	水平1-2	
2026	shanghai	8	概率	概率与统计	选择性必修	概率	数据分析;数学运算;逻辑推理	水平2-3	
2026	shanghai	9	数列	函数	选择性必修	数列;计数原理	逻辑推理;数学运算	水平2-3	
2026	shanghai	10	平面向量	几何与代数	必修	平面向量;立体几何初步	数学运算;直观想象	水平1-2	
2026	shanghai	11	三角函数	函数	必修	三角函数;导数	数学运算;直观想象;逻辑推理	水平1-2	
2026	shanghai	12	圆锥曲线	几何与代数	选择性必修	圆锥曲线;三角函数;直线与圆	直观想象;数学运算;逻辑推理	水平2-3	
2026	shanghai	13	未分类						无可匹配关键词
2026	shanghai	14	集合	函数	必修	集合	数学抽象;数学运算	水平1-2	
2026	shanghai	15	常用逻辑用语	函数	必修	常用逻辑用语;复数	逻辑推理;数学抽象;数学运算	水平1-2	
2026	shanghai	16	平面向量	几何与代数	必修	平面向量;立体几何初步;空间向量与立体几何;直线与圆	数学运算;直观想象	水平1-2	
2026	shanghai	17	统计	概率与统计	选择性必修	统计;不等式与方程;复数;计数原理;概率	数据分析;数学建模;数学运算;逻辑推理;数学抽象	水平2-3	
2026	shanghai	18	立体几何初步	几何与代数	必修	立体几何初步;复数;空间向量与立体几何	直观想象;数学运算;数学抽象	水平1-2	
2026	shanghai	19	直线与圆	几何与代数	选择性必修	直线与圆;不等式与方程;三角函数;函数概念与性质;导数;复数;立体几何初步	直观想象;数学运算;逻辑推理	水平2-3	
2026	shanghai	20	圆锥曲线	几何与代数	选择性必修	圆锥曲线;三角函数;常用逻辑用语;平面向量;复数;空间向量与立体几何;直线与圆	直观想象;数学运算;逻辑推理;数学抽象	水平2-3	
2026	shanghai	21	常用逻辑用语	函数	必修	常用逻辑用语;复数;计数原理	逻辑推理;数学抽象;数学运算	水平1-2	
2026	shanghai_spring	1	集合	函数	必修	集合	数学抽象;数学运算	水平1-2	
2026	shanghai_spring	2	不等式与方程	函数	必修	不等式与方程;基本初等函数	数学运算;逻辑推理;数学抽象	水平1-2	
2026	shanghai_spring	3	平面向量	几何与代数	必修	平面向量	数学运算;直观想象	水平1-2	
2026	shanghai_spring	4	平面向量	几何与代数	必修	平面向量;空间向量与立体几何;直线与圆	数学运算;直观想象	水平1-2	
2026	shanghai_spring	5	计数原理	概率与统计	选择性必修	计数原理	逻辑推理;数学运算	水平2-3	
2026	shanghai_spring	6	不等式与方程	函数	必修	不等式与方程	数学运算;逻辑推理	水平1-2	
2026	shanghai_spring	7	计数原理	概率与统计	选择性必修	计数原理	逻辑推理;数学运算	水平2-3	
2026	shanghai_spring	8	圆锥曲线	几何与代数	选择性必修	圆锥曲线;平面向量;空间向量与立体几何	直观想象;数学运算;逻辑推理	水平2-3	
2026	shanghai_spring	9	不等式与方程	函数	必修	不等式与方程;复数	数学运算;逻辑推理;数学抽象	水平1-2	
2026	shanghai_spring	10	不等式与方程	函数	必修	不等式与方程;三角函数;平面向量	数学运算;逻辑推理;直观想象	水平1-2	
2026	shanghai_spring	11	圆锥曲线	几何与代数	选择性必修	圆锥曲线;直线与圆	直观想象;数学运算;逻辑推理	水平2-3	
2026	shanghai_spring	12	直线与圆	几何与代数	选择性必修	直线与圆;空间向量与立体几何	直观想象;数学运算	水平2-3	
2026	shanghai_spring	13	数列	函数	选择性必修	数列	逻辑推理;数学运算	水平2-3	
2026	shanghai_spring	14	不等式与方程	函数	必修	不等式与方程	数学运算;逻辑推理	水平1-2	
2026	shanghai_spring	15	集合	函数	必修	集合;平面向量;立体几何初步;直线与圆	数学抽象;数学运算;直观想象	水平1-2	
2026	shanghai_spring	16	不等式与方程	函数	必修	不等式与方程;集合;常用逻辑用语;函数概念与性质	数学运算;逻辑推理;数学抽象	水平1-2	
2026	shanghai_spring	17	统计	概率与统计	选择性必修	统计;复数;概率	数据分析;数学建模;数学运算;数学抽象;逻辑推理	水平2-3	
2026	shanghai_spring	18	立体几何初步	几何与代数	必修	立体几何初步;复数	直观想象;数学运算;数学抽象	水平1-2	
2026	shanghai_spring	19	三角函数	函数	必修	三角函数;不等式与方程;函数概念与性质;导数;复数;直线与圆	数学运算;直观想象;逻辑推理;数学抽象	水平1-2	
2026	shanghai_spring	20	圆锥曲线	几何与代数	选择性必修	圆锥曲线;直线与圆;常用逻辑用语;平面向量;复数;立体几何初步	直观想象;数学运算;逻辑推理;数学抽象	水平2-3	
2026	shanghai_spring	21	函数概念与性质	函数	必修	函数概念与性质;常用逻辑用语;复数	数学抽象;数学运算;逻辑推理	水平1-2	
